frame,time,phase,actor,headY,leftKneeY,rightKneeY,sole,ground
0,0.1368064,Captive,Player,3.152208,1.96297,1.934529,1.41832,1.47
0,0.1368064,Captive,Hung,2.679378,1.510595,1.500025,1.433397,1.470001
1,0.5034731,Captive,Player,3.108239,1.924588,1.943686,1.431561,1.45
1,0.5034731,Captive,Hung,2.679,1.510285,1.499703,1.433089,1.470001
2,0.6034731,Captive,Player,3.122926,1.937628,1.915726,1.403211,1.45
2,0.6034731,Captive,Hung,2.679051,1.51025,1.499672,1.433055,1.470001
3,0.6701397,Captive,Player,3.112939,1.947821,1.896737,1.398837,1.45
3,0.6701397,Captive,Hung,2.679092,1.51022,1.499642,1.433025,1.470001
4,0.7368065,Captive,Player,3.098213,1.939535,1.883581,1.397323,1.45
4,0.7368065,Captive,Hung,2.679137,1.510184,1.499606,1.43299,1.470001
5,0.8368065,Captive,Player,3.067173,1.916837,1.86241,1.399405,1.45
5,0.8368065,Captive,Hung,2.67921,1.510128,1.499545,1.432935,1.470001
6,0.9034731,Captive,Player,3.046344,1.910928,1.853445,1.402875,1.45
6,0.9034731,Captive,Hung,2.679262,1.510095,1.499505,1.432902,1.470001
7,1.003473,Captive,Player,3.040916,1.901894,1.867912,1.389567,1.45
7,1.003473,Captive,Hung,2.679341,1.510053,1.499459,1.432858,1.470001
8,1.103473,Captive,Player,3.068606,1.910724,1.91873,1.380509,1.45
8,1.103473,Captive,Hung,2.679412,1.510018,1.499428,1.43282,1.470001
9,1.17014,Captive,Player,3.09843,1.916853,1.955567,1.375691,1.45
9,1.17014,Captive,Hung,2.679452,1.509997,1.499414,1.432796,1.470001
10,1.236806,Captive,Player,3.127172,1.924879,1.986308,1.369034,1.45
10,1.236806,Captive,Hung,2.679484,1.509977,1.499404,1.432773,1.470001
11,1.303473,Captive,Player,3.148242,1.933594,2.000152,1.365401,1.45
11,1.303473,Captive,Hung,2.679505,1.509958,1.499396,1.432751,1.470001
12,1.37014,Captive,Player,3.155146,1.934587,1.996347,1.369218,1.45
12,1.37014,Captive,Hung,2.679514,1.509942,1.499388,1.432732,1.470001
13,1.436806,Captive,Player,3.151017,1.930817,1.982297,1.377274,1.45
13,1.436806,Captive,Hung,2.679509,1.509929,1.499378,1.432716,1.470001
14,1.503473,Captive,Player,3.145049,1.930511,1.963878,1.385108,1.45
14,1.503473,Captive,Hung,2.679493,1.509925,1.499372,1.432711,1.470001
15,1.57014,Captive,Player,3.139171,1.928805,1.946323,1.387337,1.45
15,1.57014,Captive,Hung,2.679472,1.509935,1.499378,1.43272,1.470001
16,1.636806,Captive,Player,3.132792,1.923472,1.9378,1.385355,1.45
16,1.636806,Captive,Hung,2.679451,1.509962,1.499401,1.432745,1.470001
17,1.703473,Captive,Player,3.126254,1.917922,1.933181,1.383979,1.45
17,1.703473,Captive,Hung,2.679422,1.509996,1.499427,1.432777,1.470001
18,1.77014,Captive,Player,3.120342,1.913405,1.927976,1.384955,1.45
18,1.77014,Captive,Hung,2.679382,1.510031,1.499452,1.432812,1.470001
19,1.836806,Captive,Player,3.115351,1.909179,1.923012,1.384571,1.45
19,1.836806,Captive,Hung,2.679335,1.510069,1.499473,1.43285,1.470001
20,1.903473,Captive,Player,3.111665,1.906111,1.918738,1.382777,1.45
20,1.903473,Captive,Hung,2.679282,1.510108,1.499495,1.43289,1.470001
21,1.97014,Captive,Player,3.109544,1.905213,1.91471,1.382146,1.45
21,1.97014,Captive,Hung,2.679227,1.510148,1.49952,1.432931,1.470001
22,2.036806,Captive,Player,3.109191,1.906147,1.91178,1.382422,1.45
22,2.036806,Captive,Hung,2.679172,1.510188,1.499548,1.432973,1.470001
23,2.103473,Captive,Player,3.110626,1.907992,1.910768,1.382554,1.45
23,2.103473,Captive,Hung,2.679119,1.510226,1.499577,1.433013,1.470001
24,2.17014,Captive,Player,3.112039,1.909512,1.910839,1.383425,1.45
24,2.17014,Captive,Hung,2.679071,1.51026,1.499606,1.43305,1.470001
25,2.236806,Captive,Player,3.112774,1.910676,1.911623,1.384632,1.45
25,2.236806,Captive,Hung,2.679029,1.51029,1.499633,1.433082,1.470001
26,2.303473,Captive,Player,3.113334,1.91124,1.912174,1.385452,1.45
26,2.303473,Captive,Hung,2.678999,1.510315,1.499657,1.43311,1.470001
27,2.37014,Captive,Player,3.113958,1.911365,1.912159,1.384583,1.45
27,2.37014,Captive,Hung,2.678982,1.510334,1.49968,1.433133,1.470001
28,2.436806,Captive,Player,3.114559,1.91152,1.9114,1.381119,1.45
28,2.436806,Captive,Hung,2.678979,1.51035,1.499701,1.433151,1.470001
29,2.503473,Captive,Player,3.114908,1.912113,1.910098,1.378572,1.45
29,2.503473,Captive,Hung,2.678989,1.51036,1.499718,1.433161,1.470001
30,2.57014,Captive,Player,3.114998,1.913173,1.908681,1.378208,1.45
30,2.57014,Captive,Hung,2.679007,1.510358,1.499727,1.433161,1.470001
31,2.636806,Captive,Player,3.11499,1.914248,1.907595,1.378205,1.45
31,2.636806,Captive,Hung,2.679029,1.510339,1.499724,1.433142,1.470001
32,2.703473,Captive,Player,3.115005,1.914806,1.907251,1.378521,1.45
32,2.703473,Captive,Hung,2.679054,1.510303,1.499704,1.433108,1.470001
33,2.77014,Captive,Player,3.11445,1.914134,1.906677,1.378045,1.45
33,2.77014,Captive,Hung,2.679085,1.51026,1.499674,1.433066,1.470001
34,2.836806,Captive,Player,3.114628,1.914292,1.906822,1.378264,1.45
34,2.836806,Captive,Hung,2.679102,1.510237,1.499657,1.433043,1.470001
35,2.903473,Captive,Player,3.114923,1.914559,1.907104,1.378559,1.45
35,2.903473,Captive,Hung,2.67916,1.510162,1.4996,1.432969,1.470001
36,2.97014,Captive,Player,3.114765,1.914395,1.906955,1.378341,1.45
36,2.97014,Captive,Hung,2.679202,1.510109,1.499559,1.432917,1.470001
37,3.036806,Captive,Player,3.114242,1.913849,1.906497,1.377743,1.45
37,3.036806,Captive,Hung,2.679245,1.510057,1.499519,1.432865,1.470001
38,3.103473,Captive,Player,3.113374,1.912955,1.905703,1.376805,1.45
38,3.103473,Captive,Hung,2.679286,1.510006,1.49948,1.432814,1.470001
39,3.17014,Captive,Player,3.113003,1.912566,1.905379,1.376429,1.45
39,3.17014,Captive,Hung,2.679327,1.50996,1.499443,1.432767,1.470001
40,3.236806,Captive,Player,3.113087,1.912643,1.905483,1.376513,1.45
40,3.236806,Captive,Hung,2.679363,1.50992,1.499412,1.432727,1.470001
41,3.303473,Captive,Player,3.113683,1.913251,1.90607,1.377021,1.45
41,3.303473,Captive,Hung,2.679394,1.509887,1.499385,1.432693,1.470001
42,3.37014,Captive,Player,3.114657,1.914164,1.907079,1.377912,1.45
42,3.37014,Captive,Hung,2.679419,1.509864,1.499365,1.43267,1.470001
43,3.436806,Captive,Player,3.115706,1.91514,1.908164,1.378866,1.45
43,3.436806,Captive,Hung,2.679415,1.509829,1.49934,1.432633,1.470001
44,3.503473,Captive,Player,3.116536,1.915962,1.908999,1.379585,1.45
44,3.503473,Captive,Hung,2.679424,1.50981,1.499319,1.432612,1.470001
45,3.57014,Captive,Player,3.116999,1.916445,1.909432,1.379961,1.45
45,3.57014,Captive,Hung,2.679422,1.5098,1.499305,1.4326,1.470001
46,3.636806,Captive,Player,3.117094,1.916529,1.909489,1.380126,1.45
46,3.636806,Captive,Hung,2.679411,1.509799,1.499297,1.432599,1.470001
47,3.703473,Captive,Player,3.116996,1.916485,1.909335,1.380224,1.45
47,3.703473,Captive,Hung,2.679392,1.509808,1.499297,1.432606,1.470001
48,3.77014,Captive,Player,3.116066,1.915937,1.908254,1.3795,1.45
48,3.77014,Captive,Hung,2.679365,1.509824,1.499305,1.432622,1.470001
49,3.836807,Captive,Player,3.113739,1.914567,1.905694,1.377628,1.45
49,3.836807,Captive,Hung,2.67933,1.509846,1.499318,1.432644,1.470001
50,3.903473,Captive,Player,3.110203,1.912604,1.901999,1.374967,1.45
50,3.903473,Captive,Hung,2.679286,1.509872,1.499335,1.43267,1.470001
51,3.97014,Captive,Player,3.105607,1.910328,1.897475,1.371883,1.45
51,3.97014,Captive,Hung,2.679237,1.509902,1.499356,1.4327,1.470001
52,4.036807,Captive,Player,3.100095,1.90826,1.892487,1.368988,1.45
52,4.036807,Captive,Hung,2.679184,1.509936,1.499383,1.432734,1.470001
53,4.103473,Captive,Player,3.093778,1.906765,1.887569,1.36712,1.45
53,4.103473,Captive,Hung,2.679132,1.509974,1.499415,1.432773,1.470001
54,4.17014,Captive,Player,3.086838,1.906119,1.883024,1.366773,1.45
54,4.17014,Captive,Hung,2.679081,1.510016,1.499452,1.432815,1.470001
55,4.236806,Captive,Player,3.079621,1.906001,1.879317,1.368028,1.45
55,4.236806,Captive,Hung,2.679033,1.510058,1.499491,1.432858,1.470001
56,4.303473,Captive,Player,3.072825,1.906356,1.876319,1.369311,1.45
56,4.303473,Captive,Hung,2.67899,1.5101,1.499531,1.4329,1.470001
57,4.37014,Captive,Player,3.067442,1.906999,1.875129,1.371614,1.45
57,4.37014,Captive,Hung,2.678957,1.510141,1.499571,1.432943,1.470001
58,4.436807,Captive,Player,3.062688,1.908246,1.87474,1.374205,1.45
58,4.436807,Captive,Hung,2.678933,1.51018,1.499609,1.432982,1.470001
59,4.503473,Captive,Player,3.057306,1.910012,1.874879,1.377232,1.45
59,4.503473,Captive,Hung,2.678922,1.510215,1.499643,1.433019,1.470001
60,4.57014,Captive,Player,3.050034,1.912603,1.875431,1.380238,1.45
60,4.57014,Captive,Hung,2.678926,1.51025,1.499671,1.433054,1.470001
61,4.636806,Captive,Player,3.039815,1.915488,1.875729,1.384488,1.45
61,4.636806,Captive,Hung,2.678944,1.510279,1.499694,1.433083,1.470001
62,4.703473,Captive,Player,3.02716,1.917972,1.874862,1.388738,1.45
62,4.703473,Captive,Hung,2.678971,1.510293,1.499708,1.433097,1.470001
63,4.77014,Captive,Player,3.018276,1.922688,1.877625,1.395105,1.45
63,4.77014,Captive,Hung,2.679,1.510285,1.499703,1.433089,1.470001
64,4.836807,Captive,Player,3.014324,1.92618,1.882701,1.399318,1.45
64,4.836807,Captive,Hung,2.679033,1.510263,1.499684,1.433068,1.470001
65,4.903473,Captive,Player,3.01485,1.9278,1.888462,1.400217,1.45
65,4.903473,Captive,Hung,2.679071,1.510236,1.499658,1.433041,1.470001
66,4.97014,Captive,Player,3.017937,1.928981,1.894139,1.398507,1.45
66,4.97014,Captive,Hung,2.679114,1.510202,1.499624,1.433008,1.470001
67,5.036807,Captive,Player,3.026269,1.92633,1.901037,1.395157,1.45
67,5.036807,Captive,Hung,2.679161,1.510165,1.499586,1.432971,1.470001
68,5.103473,Captive,Player,3.070773,1.916207,1.917984,1.398731,1.45
68,5.103473,Captive,Hung,2.67921,1.510128,1.499545,1.432935,1.470001
69,5.17014,Captive,Player,3.105138,1.924474,1.939979,1.425662,1.45
69,5.17014,Captive,Hung,2.679262,1.510095,1.499505,1.432902,1.470001
70,5.214646,Captive,Player,3.105136,1.924329,1.940417,1.425881,1.45
70,5.214646,Captive,Hung,2.679492,1.510269,1.499677,1.433076,1.470001
71,5.38477,Captive,Player,3.125235,1.944223,1.962157,1.448198,1.47
71,5.38477,Captive,Hung,2.679677,1.510269,1.49968,1.433071,1.470001
72,5.557166,Captive,Player,3.124738,1.94602,1.965297,1.454264,1.47
72,5.557166,Captive,Hung,2.679815,1.510274,1.49971,1.433067,1.470001
73,5.745071,Captive,Player,4.61218,3.436217,3.455944,2.948409,2.958047
73,5.745071,Captive,Hung,2.67986,1.510281,1.49973,1.433068,1.470001
74,5.911508,Captive,Player,4.500967,3.325772,3.346582,2.840017,2.846896
74,5.911508,Captive,Hung,2.67986,1.510281,1.49973,1.433068,1.470001
75,6.107322,Captive,Player,4.492982,3.315747,3.335961,2.831656,2.835918
75,6.107322,Captive,Hung,2.679686,1.510424,1.499828,1.433206,1.470001
76,6.173989,Captive,Player,4.506167,3.320567,3.31445,2.812344,2.835918
76,6.173989,Captive,Hung,2.679633,1.510463,1.49985,1.433246,1.470001
77,6.240655,Captive,Player,4.506447,3.332154,3.292214,2.784722,2.835918
77,6.240655,Captive,Hung,2.679577,1.510504,1.499875,1.433287,1.470001
78,6.307322,Captive,Player,4.492665,3.331951,3.277241,2.784909,2.835918
78,6.307322,Captive,Hung,2.679523,1.510543,1.499903,1.433329,1.470001
79,6.373989,Captive,Player,4.476235,3.318469,3.263293,2.784087,2.835918
79,6.373989,Captive,Hung,2.67947,1.510582,1.499933,1.433369,1.470001
80,6.440656,Captive,Player,4.453925,3.303589,3.249162,2.786156,2.835918
80,6.440656,Captive,Hung,2.679421,1.510615,1.499961,1.433405,1.470001
81,6.507322,Captive,Player,4.433095,3.29768,3.240197,2.789627,2.835918
81,6.507322,Captive,Hung,2.679381,1.510645,1.499988,1.433437,1.470001
82,6.573989,Captive,Player,4.425056,3.293446,3.24557,2.781927,2.835918
82,6.573989,Captive,Hung,2.679351,1.510669,1.500012,1.433465,1.470001
83,6.640656,Captive,Player,4.433877,3.288286,3.268214,2.771541,2.835918
83,6.640656,Captive,Hung,2.679335,1.510689,1.500035,1.433488,1.470001
84,6.707322,Captive,Player,4.455358,3.297476,3.305482,2.767261,2.835918
84,6.707322,Captive,Hung,2.679332,1.510704,1.500055,1.433505,1.470001
85,6.773989,Captive,Player,4.485182,3.303605,3.342319,2.762443,2.835918
85,6.773989,Captive,Hung,2.679343,1.510714,1.500072,1.433516,1.470001
86,6.840655,Captive,Player,4.513924,3.31163,3.37306,2.755786,2.835918
86,6.840655,Captive,Hung,2.679362,1.510712,1.500081,1.433514,1.470001
87,6.907322,Captive,Player,4.534994,3.320345,3.386903,2.752153,2.835918
87,6.907322,Captive,Hung,2.679384,1.510691,1.500076,1.433495,1.470001
88,6.973989,Captive,Player,4.541899,3.321339,3.383099,2.75597,2.835918
88,6.973989,Captive,Hung,2.67941,1.510655,1.500056,1.43346,1.470001
89,7.040656,Captive,Player,4.53777,3.317569,3.369049,2.764026,2.835918
89,7.040656,Captive,Hung,2.67944,1.510611,1.500026,1.433417,1.470001
90,7.107322,Captive,Player,4.531801,3.317263,3.35063,2.771861,2.835918
90,7.107322,Captive,Hung,2.679477,1.510563,1.49999,1.43337,1.470001
91,7.173989,Captive,Player,4.525923,3.315557,3.333075,2.774088,2.835918
91,7.173989,Captive,Hung,2.679516,1.510512,1.499951,1.43332,1.470001
92,7.240656,Captive,Player,4.519545,3.310224,3.324552,2.772107,2.835918
92,7.240656,Captive,Hung,2.679558,1.51046,1.49991,1.433267,1.470001
93,7.307323,Captive,Player,4.513005,3.304674,3.319933,2.770731,2.835918
93,7.307323,Captive,Hung,2.6796,1.510407,1.49987,1.433215,1.470001
94,7.373989,Captive,Player,4.507094,3.300157,3.314728,2.771707,2.835918
94,7.373989,Captive,Hung,2.679642,1.510357,1.499831,1.433165,1.470001
95,7.440656,Captive,Player,4.502103,3.295931,3.309764,2.771323,2.835918
95,7.440656,Captive,Hung,2.679682,1.510311,1.499795,1.433119,1.470001
96,7.507322,Captive,Player,4.498417,3.292863,3.30549,2.769529,2.835918
96,7.507322,Captive,Hung,2.679718,1.510271,1.499763,1.433078,1.470001
97,7.573989,Captive,Player,4.496296,3.291965,3.301462,2.768898,2.835918
97,7.573989,Captive,Hung,2.679749,1.510239,1.499737,1.433046,1.470001
98,7.640656,Captive,Player,4.495943,3.292899,3.298532,2.769174,2.835918
98,7.640656,Captive,Hung,2.679773,1.510217,1.499718,1.433022,1.470001
99,7.707322,Captive,Player,4.497378,3.294744,3.297519,2.769306,2.835918
99,7.707322,Captive,Hung,2.67977,1.510181,1.499692,1.432985,1.470001
100,7.773989,Captive,Player,4.498791,3.296264,3.297591,2.770177,2.835918
100,7.773989,Captive,Hung,2.679778,1.510162,1.499671,1.432964,1.470001
101,7.840655,Captive,Player,4.499526,3.297428,3.298374,2.771384,2.835918
101,7.840655,Captive,Hung,2.679775,1.510153,1.499657,1.432954,1.470001
102,7.907322,Captive,Player,4.500086,3.297992,3.298926,2.772205,2.835918
102,7.907322,Captive,Hung,2.679763,1.510153,1.49965,1.432952,1.470001
103,7.973989,Captive,Player,4.50071,3.298117,3.298911,2.771335,2.835918
103,7.973989,Captive,Hung,2.679744,1.510162,1.499651,1.432961,1.470001
104,8.040655,Captive,Player,4.501312,3.298272,3.298152,2.767871,2.835918
104,8.040655,Captive,Hung,2.679717,1.510179,1.499659,1.432977,1.470001
105,8.107322,Captive,Player,4.50166,3.298865,3.29685,2.765323,2.835918
105,8.107322,Captive,Hung,2.679681,1.510201,1.499672,1.432999,1.470001
106,8.173989,Captive,Player,4.50175,3.299925,3.295433,2.76496,2.835918
106,8.173989,Captive,Hung,2.679637,1.510227,1.499689,1.433025,1.470001
107,8.240656,Captive,Player,4.501742,3.301,3.294347,2.764957,2.835918
107,8.240656,Captive,Hung,2.679588,1.510257,1.499711,1.433055,1.470001
108,8.307323,Captive,Player,4.501758,3.301558,3.294003,2.765272,2.835918
108,8.307323,Captive,Hung,2.679561,1.510274,1.499724,1.433072,1.470001
109,8.373989,Captive,Player,4.501203,3.300886,3.293429,2.764796,2.835918
109,8.373989,Captive,Hung,2.679561,1.510274,1.499724,1.433072,1.470001
110,8.440656,Captive,Player,4.50138,3.301044,3.293574,2.765016,2.835918
110,8.440656,Captive,Hung,2.679561,1.510274,1.499724,1.433072,1.470001
111,8.507322,Captive,Player,4.501675,3.301311,3.293855,2.76531,2.835918
111,8.507322,Captive,Hung,2.679561,1.510274,1.499724,1.433072,1.470001
112,8.573989,Captive,Player,4.501516,3.301147,3.293707,2.765093,2.835918
112,8.573989,Captive,Hung,2.679561,1.510274,1.499724,1.433072,1.470001
113,8.640656,Captive,Player,4.500994,3.3006,3.293249,2.764495,2.835918
113,8.640656,Captive,Hung,2.679561,1.510274,1.499724,1.433072,1.470001
114,8.707322,Captive,Player,4.500126,3.299707,3.292455,2.763556,2.835918
114,8.707322,Captive,Hung,2.679561,1.510274,1.499724,1.433072,1.470001
115,8.773989,Captive,Player,4.499755,3.299318,3.292131,2.763181,2.835918
115,8.773989,Captive,Hung,2.679561,1.510274,1.499724,1.433072,1.470001
116,8.840655,Captive,Player,4.499839,3.299395,3.292235,2.763265,2.835918
116,8.840655,Captive,Hung,2.679561,1.510274,1.499724,1.433072,1.470001
117,8.907322,Captive,Player,4.500435,3.300003,3.292822,2.763773,2.835918
117,8.907322,Captive,Hung,2.679561,1.510274,1.499724,1.433072,1.470001
118,8.973989,Captive,Player,4.501409,3.300916,3.29383,2.764664,2.835918
118,8.973989,Captive,Hung,2.679327,1.510647,1.500062,1.433451,1.470001
119,9.040655,Captive,Player,4.502458,3.301892,3.294916,2.765618,2.835918
119,9.040655,Captive,Hung,2.679355,1.510638,1.500056,1.433442,1.470001
120,9.107322,Captive,Player,4.503288,3.302714,3.295751,2.766336,2.835918
120,9.107322,Captive,Hung,2.679388,1.510615,1.500036,1.43342,1.470001
121,9.173989,Captive,Player,4.503751,3.303197,3.296184,2.766713,2.835918
121,9.173989,Captive,Hung,2.679427,1.510587,1.50001,1.433393,1.470001
122,9.240656,Captive,Player,4.503846,3.303281,3.296241,2.766878,2.835918
122,9.240656,Captive,Hung,2.679471,1.510554,1.499976,1.433359,1.470001
123,9.307323,Captive,Player,4.503748,3.303236,3.296087,2.766976,2.835918
123,9.307323,Captive,Hung,2.679517,1.510517,1.499937,1.433323,1.470001
124,9.373989,Captive,Player,4.502819,3.302689,3.295007,2.766252,2.835918
124,9.373989,Captive,Hung,2.679567,1.510479,1.499896,1.433286,1.470001
125,9.440656,Captive,Player,4.500491,3.301318,3.292446,2.76438,2.835918
125,9.440656,Captive,Hung,2.679619,1.510446,1.499857,1.433253,1.470001
126,9.507322,Captive,Player,4.496956,3.299356,3.288751,2.761719,2.835918
126,9.507322,Captive,Hung,2.679671,1.510418,1.499824,1.433224,1.470001
127,9.573989,Captive,Player,4.492358,3.29708,3.284227,2.758635,2.835918
127,9.573989,Captive,Hung,2.679722,1.510393,1.499799,1.433197,1.470001
128,9.640656,Captive,Player,4.486847,3.295012,3.279239,2.755739,2.835918
128,9.640656,Captive,Hung,2.679768,1.51037,1.499781,1.433172,1.470001
129,9.707322,Captive,Player,4.48053,3.293517,3.27432,2.753872,2.835918
129,9.707322,Captive,Hung,2.679808,1.510349,1.499767,1.433148,1.470001
130,9.773989,Captive,Player,4.473589,3.292871,3.269776,2.753525,2.835918
130,9.773989,Captive,Hung,2.679839,1.510329,1.499757,1.433125,1.470001
131,9.840655,Captive,Player,4.466373,3.292753,3.266068,2.75478,2.835918
131,9.840655,Captive,Hung,2.67986,1.510311,1.499749,1.433103,1.470001
132,9.907322,Captive,Player,4.459578,3.293108,3.263071,2.756063,2.835918
132,9.907322,Captive,Hung,2.679867,1.510295,1.499741,1.433084,1.470001
133,9.973989,Captive,Player,4.454194,3.293751,3.261881,2.758366,2.835918
133,9.973989,Captive,Hung,2.679862,1.510282,1.499732,1.43307,1.470001
134,10.04066,Captive,Player,4.44944,3.294998,3.261492,2.760957,2.835918
134,10.04066,Captive,Hung,2.679845,1.510278,1.499725,1.433064,1.470001
135,10.10732,Captive,Player,4.444058,3.296764,3.261631,2.763984,2.835918
135,10.10732,Captive,Hung,2.679825,1.51029,1.499733,1.433075,1.470001
136,10.17399,Captive,Player,4.436786,3.299355,3.262183,2.76699,2.835918
136,10.17399,Captive,Hung,2.679804,1.510318,1.499756,1.433101,1.470001
137,10.24066,Captive,Player,4.426568,3.302239,3.262481,2.77124,2.835918
137,10.24066,Captive,Hung,2.679773,1.510351,1.499782,1.433132,1.470001
138,10.30732,Captive,Player,4.413912,3.304724,3.261614,2.77549,2.835918
138,10.30732,Captive,Hung,2.679733,1.510387,1.499806,1.433167,1.470001
139,10.37399,Captive,Player,4.405028,3.30944,3.264377,2.781857,2.835918
139,10.37399,Captive,Hung,2.679686,1.510424,1.499828,1.433206,1.470001
140,10.44066,Captive,Player,4.401076,3.312932,3.269453,2.786069,2.835918
140,10.44066,Captive,Hung,2.679633,1.510463,1.49985,1.433246,1.470001
141,10.50732,Captive,Player,4.401602,3.314552,3.275214,2.786969,2.835918
141,10.50732,Captive,Hung,2.679577,1.510504,1.499875,1.433287,1.470001
142,10.57399,Captive,Player,4.404689,3.315732,3.28089,2.785259,2.835918
142,10.57399,Captive,Hung,2.679523,1.510543,1.499903,1.433329,1.470001
143,10.64066,Captive,Player,4.41302,3.313082,3.287789,2.781909,2.835918
143,10.64066,Captive,Hung,2.67947,1.510582,1.499933,1.433369,1.470001
144,10.70732,Captive,Player,4.457524,3.302958,3.304735,2.785483,2.835918
144,10.70732,Captive,Hung,2.679421,1.510615,1.499961,1.433405,1.470001
145,10.77399,Captive,Player,4.491055,3.310391,3.325897,2.81158,2.835918
145,10.77399,Captive,Hung,2.679381,1.510645,1.499988,1.433437,1.470001
146,10.81746,Captive,Player,4.559194,3.378391,3.394467,2.879939,2.904059
146,10.81746,Captive,Hung,2.679005,1.510306,1.499649,1.4331,1.470001
147,11.00726,Captive,Player,4.55925,3.37837,3.396548,2.882865,2.904059
147,11.00726,Captive,Hung,2.678927,1.510301,1.499656,1.433103,1.470001
148,11.18614,Captive,Player,4.55872,3.380452,3.399772,2.889275,2.904059
148,11.18614,Captive,Hung,2.678994,1.510291,1.499679,1.433095,1.470001
149,11.38305,Captive,Player,4.529865,3.354167,3.374155,2.866915,2.875815
149,11.38305,Captive,Hung,2.679173,1.510285,1.499708,1.433091,1.470001
150,11.55323,Captive,Player,4.413303,3.23827,3.259149,2.752879,2.759187
150,11.55323,Captive,Hung,2.679173,1.510285,1.499708,1.433091,1.470001
151,11.74661,Captive,Player,4.412775,3.23569,3.255833,2.751757,2.755656
151,11.74661,Captive,Hung,2.679412,1.509995,1.499483,1.432802,1.470001
152,11.81328,Captive,Player,4.425987,3.24047,3.234297,2.732365,2.755656
152,11.81328,Captive,Hung,2.679445,1.509959,1.499454,1.432765,1.470001
153,11.87995,Captive,Player,4.42627,3.252008,3.212042,2.704588,2.755656
153,11.87995,Captive,Hung,2.679471,1.509932,1.499432,1.432738,1.470001
154,11.94661,Captive,Player,4.412494,3.25178,3.197071,2.704739,2.755656
154,11.94661,Captive,Hung,2.679491,1.509916,1.499417,1.43272,1.470001
155,12.01328,Captive,Player,4.396064,3.238298,3.183122,2.703916,2.755656
155,12.01328,Captive,Hung,2.679483,1.509876,1.499387,1.432679,1.470001
156,12.07995,Captive,Player,4.373754,3.223418,3.168991,2.705986,2.755656
156,12.07995,Captive,Hung,2.679485,1.509863,1.49937,1.432665,1.470001
157,12.14661,Captive,Player,4.352924,3.217509,3.160026,2.709455,2.755656
157,12.14661,Captive,Hung,2.679476,1.509859,1.49936,1.432659,1.470001
158,12.21328,Captive,Player,4.344884,3.213275,3.165399,2.701756,2.755656
158,12.21328,Captive,Hung,2.679461,1.509865,1.499358,1.432664,1.470001
159,12.27995,Captive,Player,4.353706,3.208115,3.188043,2.69137,2.755656
159,12.27995,Captive,Hung,2.679437,1.509879,1.499363,1.432677,1.470001
160,12.34661,Captive,Player,4.375187,3.217304,3.225311,2.68709,2.755656
160,12.34661,Captive,Hung,2.679404,1.509899,1.499373,1.432696,1.470001
161,12.41328,Captive,Player,4.405011,3.223434,3.262148,2.682272,2.755656
161,12.41328,Captive,Hung,2.679364,1.509923,1.499389,1.432721,1.470001
162,12.47995,Captive,Player,4.433753,3.231459,3.292889,2.675615,2.755656
162,12.47995,Captive,Hung,2.679316,1.509952,1.499409,1.43275,1.470001
163,12.54661,Captive,Player,4.454823,3.240174,3.306732,2.671981,2.755656
163,12.54661,Captive,Hung,2.679264,1.509984,1.499434,1.432782,1.470001
164,12.61328,Captive,Player,4.461727,3.241168,3.302928,2.675798,2.755656
164,12.61328,Captive,Hung,2.679212,1.510022,1.499465,1.43282,1.470001
165,12.67995,Captive,Player,4.457598,3.237397,3.288877,2.683855,2.755656
165,12.67995,Captive,Hung,2.67916,1.510062,1.4995,1.432861,1.470001
166,12.74661,Captive,Player,4.45163,3.237092,3.270459,2.691689,2.755656
166,12.74661,Captive,Hung,2.679111,1.510104,1.499538,1.432904,1.470001
167,12.81328,Captive,Player,4.445752,3.235386,3.252904,2.693917,2.755656
167,12.81328,Captive,Hung,2.679066,1.510146,1.499578,1.432947,1.470001
168,12.87995,Captive,Player,4.439373,3.230052,3.244381,2.691936,2.755656
168,12.87995,Captive,Hung,2.679029,1.510188,1.499618,1.432989,1.470001
169,12.94661,Captive,Player,4.432835,3.224503,3.239762,2.69056,2.755656
169,12.94661,Captive,Hung,2.679001,1.510227,1.499657,1.43303,1.470001
170,13.01328,Captive,Player,4.426924,3.219986,3.234557,2.691535,2.755656
170,13.01328,Captive,Hung,2.678985,1.510264,1.499693,1.433067,1.470001
171,13.07995,Captive,Player,4.421932,3.21576,3.229593,2.691152,2.755656
171,13.07995,Captive,Hung,2.678983,1.510299,1.499723,1.433103,1.470001
172,13.14661,Captive,Player,4.418246,3.212692,3.225318,2.689358,2.755656
172,13.14661,Captive,Hung,2.678997,1.510331,1.499748,1.433135,1.470001
173,13.21328,Captive,Player,4.416125,3.211794,3.221291,2.688727,2.755656
173,13.21328,Captive,Hung,2.679022,1.510351,1.499765,1.433155,1.470001
174,13.27995,Captive,Player,4.415771,3.212728,3.21836,2.689003,2.755656
174,13.27995,Captive,Hung,2.679051,1.510352,1.499768,1.433156,1.470001
175,13.34661,Captive,Player,4.417208,3.214573,3.217349,2.689135,2.755656
175,13.34661,Captive,Hung,2.679081,1.510333,1.499753,1.433138,1.470001
176,13.41328,Captive,Player,4.41862,3.216093,3.21742,2.690006,2.755656
176,13.41328,Captive,Hung,2.679118,1.510307,1.499729,1.433112,1.470001
177,13.47995,Captive,Player,4.419354,3.217257,3.218203,2.691213,2.755656
177,13.47995,Captive,Hung,2.67916,1.510276,1.499698,1.433081,1.470001
178,13.54661,Captive,Player,4.419915,3.217821,3.218755,2.692033,2.755656
178,13.54661,Captive,Hung,2.679205,1.510239,1.499661,1.433045,1.470001
179,13.61328,Captive,Player,4.420539,3.217946,3.21874,2.691164,2.755656
179,13.61328,Captive,Hung,2.679254,1.510202,1.49962,1.433008,1.470001
180,13.67995,Captive,Player,4.421141,3.218101,3.217981,2.6877,2.755656
180,13.67995,Captive,Hung,2.679305,1.510166,1.49958,1.432973,1.470001
181,13.74661,Captive,Player,4.421489,3.218694,3.216679,2.685152,2.755656
181,13.74661,Captive,Hung,2.679358,1.510137,1.499544,1.432943,1.470001
182,13.81328,Captive,Player,4.421579,3.219754,3.215262,2.684788,2.755656
182,13.81328,Captive,Hung,2.679383,1.510123,1.499529,1.432929,1.470001
183,13.87995,Captive,Player,4.42157,3.220829,3.214176,2.684786,2.755656
183,13.87995,Captive,Hung,2.679383,1.510123,1.499529,1.432929,1.470001
184,13.94661,Captive,Player,4.421587,3.221387,3.213832,2.685101,2.755656
184,13.94661,Captive,Hung,2.679383,1.510123,1.499529,1.432929,1.470001
185,14.01328,Captive,Player,4.421031,3.220715,3.213258,2.684625,2.755656
185,14.01328,Captive,Hung,2.679383,1.510123,1.499529,1.432929,1.470001
186,14.07995,Captive,Player,4.421209,3.220873,3.213403,2.684845,2.755656
186,14.07995,Captive,Hung,2.679383,1.510123,1.499529,1.432929,1.470001
187,14.14661,Captive,Player,4.421503,3.22114,3.213684,2.685139,2.755656
187,14.14661,Captive,Hung,2.679383,1.510123,1.499529,1.432929,1.470001
188,14.21328,Captive,Player,4.421345,3.220976,3.213536,2.684922,2.755656
188,14.21328,Captive,Hung,2.679383,1.510123,1.499529,1.432929,1.470001
189,14.27995,Captive,Player,4.420822,3.220429,3.213078,2.684323,2.755656
189,14.27995,Captive,Hung,2.679383,1.510123,1.499529,1.432929,1.470001
190,14.34661,Captive,Player,4.419955,3.219536,3.212284,2.683385,2.755656
190,14.34661,Captive,Hung,2.679383,1.510123,1.499529,1.432929,1.470001
191,14.41328,Captive,Player,4.419584,3.219147,3.21196,2.683009,2.755656
191,14.41328,Captive,Hung,2.679383,1.510123,1.499529,1.432929,1.470001
192,14.47995,Captive,Player,4.419668,3.219224,3.212064,2.683094,2.755656
192,14.47995,Captive,Hung,2.679383,1.510123,1.499529,1.432929,1.470001
193,14.54661,Captive,Player,4.420264,3.219832,3.212651,2.683602,2.755656
193,14.54661,Captive,Hung,2.679383,1.510123,1.499529,1.432929,1.470001
194,14.61328,Captive,Player,4.421238,3.220745,3.213659,2.684493,2.755656
194,14.61328,Captive,Hung,2.679383,1.510123,1.499529,1.432929,1.470001
195,14.67995,Captive,Player,4.422287,3.221721,3.214745,2.685447,2.755656
195,14.67995,Captive,Hung,2.679383,1.510123,1.499529,1.432929,1.470001
196,14.74661,Captive,Player,4.423117,3.222543,3.21558,2.686165,2.755656
196,14.74661,Captive,Hung,2.679308,1.510195,1.499572,1.432978,1.470001
197,14.81328,Captive,Player,4.42358,3.223026,3.216013,2.686542,2.755656
197,14.81328,Captive,Hung,2.679252,1.510234,1.499599,1.433019,1.470001
198,14.87995,Captive,Player,4.423675,3.22311,3.21607,2.686707,2.755656
198,14.87995,Captive,Hung,2.679198,1.510274,1.499628,1.433061,1.470001
199,14.94661,Captive,Player,4.423576,3.223065,3.215916,2.686804,2.755656
199,14.94661,Captive,Hung,2.679148,1.51031,1.499657,1.433099,1.470001
200,15.01328,Captive,Player,4.422647,3.222518,3.214835,2.686081,2.755656
200,15.01328,Captive,Hung,2.679104,1.510341,1.499684,1.433132,1.470001
201,15.07995,Captive,Player,4.42032,3.221147,3.212275,2.684208,2.755656
201,15.07995,Captive,Hung,2.67907,1.510368,1.49971,1.433162,1.470001
202,15.14661,Captive,Player,4.416784,3.219185,3.20858,2.681547,2.755656
202,15.14661,Captive,Hung,2.679047,1.510389,1.499733,1.433186,1.470001
203,15.21328,Captive,Player,4.412188,3.216908,3.204056,2.678464,2.755656
203,15.21328,Captive,Hung,2.679039,1.510406,1.499755,1.433206,1.470001
204,15.31328,Captive,Player,4.403609,3.214012,3.196579,2.674484,2.755656
204,15.31328,Captive,Hung,2.679052,1.510422,1.499781,1.433223,1.470001
205,15.41328,Captive,Player,4.393418,3.212699,3.189605,2.673353,2.755656
205,15.41328,Captive,Hung,2.679082,1.510409,1.499788,1.433212,1.470001
206,15.47995,Captive,Player,4.386202,3.212581,3.185897,2.674608,2.755656
206,15.47995,Captive,Hung,2.679106,1.510379,1.499774,1.433183,1.470001
207,15.57995,Captive,Player,4.37656,3.213223,3.182177,2.676908,2.755656
207,15.57995,Captive,Hung,2.679151,1.510314,1.49973,1.43312,1.470001
208,15.67995,Captive,Player,4.369269,3.214827,3.181321,2.680785,2.755656
208,15.67995,Captive,Hung,2.679207,1.510241,1.499675,1.433048,1.470001
209,15.77995,Captive,Player,4.360594,3.217707,3.181704,2.684868,2.755656
209,15.77995,Captive,Hung,2.679269,1.510163,1.499614,1.43297,1.470001
210,15.84661,Captive,Player,4.351916,3.220722,3.182266,2.688758,2.755656
210,15.84661,Captive,Hung,2.679311,1.51011,1.499574,1.432918,1.470001
211,15.94661,Captive,Player,4.333741,3.224553,3.181442,2.695319,2.755656
211,15.94661,Captive,Hung,2.679374,1.510037,1.499517,1.432845,1.470001
212,16.04661,Captive,Player,4.322228,3.231348,3.186634,2.704211,2.755656
212,16.04661,Captive,Hung,2.679429,1.509976,1.499468,1.432783,1.470001
213,16.11328,Captive,Player,4.320659,3.233694,3.192238,2.706762,2.755656
213,16.11328,Captive,Hung,2.679459,1.509944,1.499442,1.432751,1.470001
214,16.17995,Captive,Player,4.322735,3.234814,3.197919,2.705731,2.755656
214,16.17995,Captive,Hung,2.679482,1.509923,1.499424,1.432728,1.470001
215,16.27995,Captive,Player,4.332849,3.232911,3.207618,2.701738,2.755656
215,16.27995,Captive,Hung,2.679483,1.509876,1.499387,1.432679,1.470001
216,16.34661,Captive,Player,4.377353,3.222787,3.224564,2.705312,2.755656
216,16.34661,Captive,Hung,2.679485,1.509863,1.49937,1.432665,1.470001
217,16.44661,Captive,Player,4.410784,3.23002,3.245974,2.731519,2.755656
217,16.44661,Captive,Hung,2.679868,1.510259,1.499757,1.433059,1.470001
218,16.61577,Captive,Player,4.495216,3.314138,3.331913,2.817784,2.83996
218,16.61577,Captive,Hung,2.67977,1.510267,1.499742,1.433065,1.470001
219,16.78468,Captive,Player,4.494744,3.315751,3.334984,2.823631,2.83996
219,16.78468,Captive,Hung,2.679591,1.510274,1.499726,1.433072,1.470001
220,16.96929,Captive,Player,4.558692,3.382546,3.402162,2.894392,2.904502
220,16.96929,Captive,Hung,2.679381,1.510275,1.499713,1.433074,1.470001
221,17.11786,Captive,Player,4.43585,3.260541,3.281206,2.774352,2.781823
221,17.11786,Captive,Hung,2.679381,1.510275,1.499713,1.433074,1.470001
222,17.29199,Captive,Player,4.421535,3.243922,3.264381,2.75954,2.764548
222,17.29199,Captive,Hung,2.6792,1.510487,1.499915,1.43329,1.470001
223,17.39199,Captive,Player,4.437621,3.254283,3.231921,2.722043,2.764548
223,17.39199,Captive,Hung,2.679208,1.510538,1.499957,1.433342,1.470001
224,17.49199,Captive,Player,4.421161,3.260447,3.205737,2.713405,2.764548
224,17.49199,Captive,Hung,2.679244,1.510569,1.499984,1.433374,1.470001
225,17.59199,Captive,Player,4.394359,3.239769,3.184741,2.71354,2.764548
225,17.59199,Captive,Hung,2.679287,1.510556,1.499975,1.433361,1.470001
226,17.65866,Captive,Player,4.370648,3.227787,3.171729,2.716039,2.764548
226,17.65866,Captive,Hung,2.679322,1.510532,1.499954,1.433337,1.470001
227,17.75866,Captive,Player,4.353551,3.221942,3.174066,2.710423,2.764548
227,17.75866,Captive,Hung,2.679384,1.510486,1.499908,1.433291,1.470001
228,17.85866,Captive,Player,4.371467,3.221501,3.214336,2.696829,2.764548
228,17.85866,Captive,Hung,2.679454,1.51043,1.49985,1.433237,1.470001
229,17.92532,Captive,Player,4.398582,3.228633,3.252289,2.694678,2.764548
229,17.92532,Captive,Hung,2.679504,1.510393,1.499809,1.4332,1.470001
230,17.99199,Captive,Player,4.428658,3.235928,3.287832,2.687712,2.764548
230,17.99199,Captive,Hung,2.679557,1.510362,1.499771,1.433169,1.470001
231,18.09199,Captive,Player,4.46349,3.248841,3.315399,2.680648,2.764548
231,18.09199,Captive,Hung,2.679634,1.510322,1.499728,1.433127,1.470001
232,18.15866,Captive,Player,4.470394,3.249835,3.311594,2.684465,2.764548
232,18.15866,Captive,Hung,2.679682,1.510299,1.499708,1.433102,1.470001
233,18.25866,Captive,Player,4.463365,3.245621,3.289027,2.696843,2.764548
233,18.25866,Captive,Hung,2.679741,1.510267,1.499688,1.433066,1.470001
234,18.35866,Captive,Player,4.454419,3.244052,3.26157,2.702584,2.764548
234,18.35866,Captive,Hung,2.67978,1.510239,1.499675,1.433032,1.470001
235,18.42532,Captive,Player,4.44804,3.238719,3.253047,2.700603,2.764548
235,18.42532,Captive,Hung,2.679791,1.510223,1.499667,1.433012,1.470001
236,18.49199,Captive,Player,4.441501,3.233169,3.248429,2.699227,2.764548
236,18.49199,Captive,Hung,2.679788,1.510209,1.499658,1.432997,1.470001
237,18.59199,Captive,Player,4.43295,3.226472,3.240628,2.700287,2.764548
237,18.59199,Captive,Hung,2.679764,1.510204,1.49965,1.43299,1.470001
238,18.65866,Captive,Player,4.428572,3.222652,3.236079,2.699024,2.764548
238,18.65866,Captive,Hung,2.679744,1.51022,1.499662,1.433005,1.470001
239,18.75866,Captive,Player,4.424792,3.220461,3.229958,2.697394,2.764548
239,18.75866,Captive,Hung,2.679705,1.510267,1.4997,1.433049,1.470001
240,18.85866,Captive,Player,4.425026,3.222298,3.226349,2.697688,2.764548
240,18.85866,Captive,Hung,2.679645,1.510321,1.499737,1.433102,1.470001
241,18.92532,Captive,Player,4.426661,3.224037,3.225901,2.698125,2.764548
241,18.92532,Captive,Hung,2.679596,1.510359,1.499758,1.43314,1.470001
242,18.99199,Captive,Player,4.42772,3.225397,3.226444,2.699205,2.764548
242,18.99199,Captive,Hung,2.679542,1.510398,1.49978,1.433181,1.470001
243,19.09199,Captive,Player,4.428581,3.226488,3.227422,2.7007,2.764548
243,19.09199,Captive,Hung,2.679459,1.510458,1.49982,1.433243,1.470001
244,19.15866,Captive,Player,4.429206,3.226613,3.227407,2.699831,2.764548
244,19.15866,Captive,Hung,2.679406,1.510497,1.49985,1.433285,1.470001
245,19.25866,Captive,Player,4.430021,3.226991,3.226051,2.694697,2.764548
245,19.25866,Captive,Hung,2.679334,1.510548,1.499892,1.433338,1.470001
246,19.35866,Captive,Player,4.430245,3.228421,3.223929,2.693455,2.764548
246,19.35866,Captive,Hung,2.679281,1.510588,1.499931,1.433383,1.470001
247,19.42532,Captive,Player,4.430237,3.229496,3.222843,2.693453,2.764548
247,19.42532,Captive,Hung,2.679261,1.510609,1.499954,1.433407,1.470001
248,19.49199,Captive,Player,4.430254,3.230054,3.222498,2.693768,2.764548
248,19.49199,Captive,Hung,2.679256,1.510625,1.499975,1.433425,1.470001
249,19.59199,Captive,Player,4.429675,3.229347,3.221885,2.693299,2.764548
249,19.59199,Captive,Hung,2.679258,1.510632,1.499984,1.433432,1.470001
250,19.65866,Captive,Player,4.430105,3.229752,3.222293,2.693753,2.764548
250,19.65866,Captive,Hung,2.679258,1.510632,1.499984,1.433432,1.470001
251,19.75866,Captive,Player,4.430013,3.229643,3.222203,2.693589,2.764548
251,19.75866,Captive,Hung,2.679258,1.510632,1.499984,1.433432,1.470001
252,19.85866,Captive,Player,4.429046,3.228639,3.22134,2.692503,2.764548
252,19.85866,Captive,Hung,2.679258,1.510632,1.499984,1.433432,1.470001
253,19.92532,Captive,Player,4.428376,3.227947,3.220731,2.691794,2.764548
253,19.92532,Captive,Hung,2.679258,1.510632,1.499984,1.433432,1.470001
254,19.99199,Captive,Player,4.428235,3.22779,3.220626,2.691672,2.764548
254,19.99199,Captive,Hung,2.679258,1.510632,1.499984,1.433432,1.470001
255,20.09199,Captive,Player,4.42893,3.228499,3.221317,2.692269,2.764548
255,20.09199,Captive,Hung,2.679514,1.510343,1.499803,1.433151,1.470001
256,20.15866,Captive,Player,4.429905,3.229412,3.222326,2.69316,2.764548
256,20.15866,Captive,Hung,2.679557,1.510293,1.499764,1.4331,1.470001
257,20.25866,Captive,Player,4.431407,3.230825,3.223871,2.694512,2.764548
257,20.25866,Captive,Hung,2.679616,1.510224,1.49971,1.433031,1.470001
258,20.35866,Captive,Player,4.432247,3.231692,3.224679,2.695208,2.764548
258,20.35866,Captive,Hung,2.679667,1.51017,1.499667,1.432976,1.470001
259,20.42532,Captive,Player,4.432342,3.231777,3.224736,2.695374,2.764548
259,20.42532,Captive,Hung,2.679692,1.510145,1.499646,1.432951,1.470001
260,20.49199,Captive,Player,4.432243,3.231732,3.224583,2.695472,2.764548
260,20.49199,Captive,Hung,2.679709,1.510131,1.499632,1.432935,1.470001
261,20.59199,Captive,Player,4.430311,3.230581,3.222383,2.693925,2.764548
261,20.59199,Captive,Hung,2.679702,1.510083,1.499591,1.432885,1.470001
262,20.65866,Captive,Player,4.427361,3.228896,3.219216,2.691627,2.764548
262,20.65866,Captive,Hung,2.679697,1.510076,1.499579,1.432877,1.470001
263,20.75866,Captive,Player,4.420854,3.225575,3.212723,2.687131,2.764548
263,20.75866,Captive,Hung,2.679673,1.510083,1.499574,1.432882,1.470001
264,20.85866,Captive,Player,4.412276,3.222679,3.205246,2.683151,2.764548
264,20.85866,Captive,Hung,2.679632,1.510108,1.499586,1.432906,1.470001
265,20.92532,Captive,Player,4.405617,3.221551,3.200485,2.68191,2.764548
265,20.92532,Captive,Hung,2.679594,1.510132,1.4996,1.43293,1.470001
266,20.99199,Captive,Player,4.398481,3.221281,3.196287,2.682495,2.764548
266,20.99199,Captive,Hung,2.679548,1.510159,1.499618,1.432956,1.470001
267,21.09199,Captive,Player,4.388073,3.221604,3.191567,2.684559,2.764548
267,21.09199,Captive,Hung,2.679471,1.510207,1.499655,1.433006,1.470001
268,21.15866,Captive,Player,4.382689,3.222247,3.190377,2.686861,2.764548
268,21.15866,Captive,Hung,2.679419,1.510245,1.499687,1.433044,1.470001
269,21.25866,Captive,Player,4.375372,3.224136,3.190252,2.691171,2.764548
269,21.25866,Captive,Hung,2.679342,1.510307,1.499742,1.433106,1.470001
270,21.35866,Captive,Player,4.365282,3.22785,3.190679,2.695486,2.764548
270,21.35866,Captive,Hung,2.679275,1.51037,1.499802,1.433171,1.470001
271,21.42532,Captive,Player,4.355063,3.230735,3.190977,2.699735,2.764548
271,21.42532,Captive,Hung,2.679239,1.510412,1.499842,1.433213,1.470001
272,21.49199,Captive,Player,4.342408,3.23322,3.190109,2.703986,2.764548
272,21.49199,Captive,Hung,2.679214,1.510451,1.49988,1.433253,1.470001
273,21.59199,Captive,Player,4.330895,3.240015,3.195301,2.712878,2.764548
273,21.59199,Captive,Hung,2.679199,1.510504,1.49993,1.433308,1.470001
274,21.65866,Captive,Player,4.329326,3.242361,3.200905,2.715429,2.764548
274,21.65866,Captive,Hung,2.679208,1.510538,1.499957,1.433342,1.470001
275,21.75866,Captive,Player,4.333185,3.244228,3.209386,2.713754,2.764548
275,21.75866,Captive,Hung,2.679244,1.510569,1.499984,1.433374,1.470001
276,21.85866,Captive,Player,4.364576,3.235115,3.2252,2.710369,2.764548
276,21.85866,Captive,Hung,2.679287,1.510556,1.499975,1.433361,1.470001
277,21.92532,Captive,Player,4.406735,3.230914,3.241289,2.721827,2.764548
277,21.92532,Captive,Hung,2.679322,1.510532,1.499954,1.433337,1.470001
278,21.99199,Captive,Player,4.419676,3.238911,3.254866,2.74041,2.764548
278,21.99199,Captive,Hung,2.679132,1.510272,1.499695,1.433077,1.470001
279,22.15977,Captive,Player,4.439628,3.258542,3.2763,2.762152,2.784368
279,22.15977,Captive,Hung,2.679342,1.510273,1.49969,1.43308,1.470001
280,22.3203,Captive,Player,4.439182,3.260019,3.27922,2.767669,2.784368
280,22.3203,Captive,Hung,2.679538,1.510269,1.499675,1.433075,1.470001
281,22.50516,Untying,Player,3.107221,1.927304,1.946876,1.438971,1.45
281,22.50516,Untying,Hung,2.67972,1.510263,1.499681,1.433062,1.470001
282,22.60516,Untying,Player,2.695248,1.843754,1.600523,1.2897,1.45
282,22.60516,Untying,Hung,2.679786,1.510256,1.499689,1.43305,1.470001
283,22.67183,Untying,Player,2.442842,1.883453,1.488268,1.294129,1.45
283,22.67183,Untying,Hung,2.679832,1.51027,1.499712,1.433061,1.470001
284,22.73849,Untying,Player,2.442908,1.883607,1.488477,1.294194,1.45
284,22.73849,Untying,Hung,2.679851,1.510273,1.499721,1.433061,1.470001
285,22.8385,Untying,Player,2.442945,1.883848,1.488118,1.294031,1.45
285,22.8385,Untying,Hung,2.679844,1.510277,1.499723,1.433063,1.470001
286,22.90516,Untying,Player,2.442936,1.883992,1.487848,1.293892,1.45
286,22.90516,Untying,Hung,2.679826,1.510289,1.499732,1.433074,1.470001
287,23.00516,Untying,Player,2.442925,1.883973,1.487755,1.293669,1.45
287,23.00516,Untying,Hung,2.679774,1.510316,1.499752,1.433099,1.470001
288,23.10516,Untying,Player,2.442955,1.88381,1.488036,1.293576,1.45
288,23.10516,Untying,Hung,2.679676,1.510327,1.499747,1.433108,1.470001
289,23.17183,Untying,Player,2.443012,1.883871,1.488198,1.293469,1.45
289,23.17183,Untying,Hung,2.679579,1.510314,1.499719,1.433096,1.470001
290,23.23849,Untying,Player,2.443122,1.884149,1.488322,1.293376,1.45
290,23.23849,Untying,Hung,2.67949,1.510317,1.499704,1.4331,1.470001
291,23.3385,Untying,Player,2.443434,1.884461,1.488401,1.293508,1.45
291,23.3385,Untying,Hung,2.679369,1.51034,1.499705,1.433124,1.470001
292,23.40516,Untying,Player,2.44364,1.884562,1.488548,1.293665,1.45
292,23.40516,Untying,Hung,2.679257,1.510321,1.499676,1.433108,1.470001
293,23.50516,Untying,Player,2.443831,1.884383,1.488765,1.293866,1.45
293,23.50516,Untying,Hung,2.679145,1.510336,1.499682,1.433126,1.470001
294,23.60516,Untying,Player,2.443889,1.883987,1.488861,1.293943,1.45
294,23.60516,Untying,Hung,2.679038,1.51033,1.499672,1.433123,1.470001
295,23.67183,Untying,Player,2.443888,1.883714,1.48886,1.2939,1.45
295,23.67183,Untying,Hung,2.678975,1.510313,1.499656,1.43311,1.470001
296,23.73849,Untying,Player,2.443875,1.883476,1.488814,1.293819,1.45
296,23.73849,Untying,Hung,2.678943,1.510308,1.499656,1.433108,1.470001
297,23.8385,Untying,Player,2.443881,1.883253,1.488716,1.293699,1.45
297,23.8385,Untying,Hung,2.678938,1.510309,1.499667,1.433111,1.470001
298,23.90516,Untying,Player,2.443926,1.883212,1.488703,1.293681,1.45
298,23.90516,Untying,Hung,2.678946,1.510296,1.499665,1.433099,1.470001
299,24.00516,Untying,Player,2.444039,1.883304,1.48884,1.293777,1.45
299,24.00516,Untying,Hung,2.678989,1.510269,1.499662,1.433073,1.470001
300,24.10516,Untying,Player,2.444219,1.883557,1.489159,1.294013,1.45
300,24.10516,Untying,Hung,2.679076,1.510249,1.499663,1.433055,1.470001
301,24.17183,Untying,Player,2.444252,1.883662,1.489381,1.294119,1.45
301,24.17183,Untying,Hung,2.679171,1.510261,1.499687,1.433068,1.470001
302,24.23849,Untying,Player,2.444211,1.88374,1.489548,1.29412,1.45
302,24.23849,Untying,Hung,2.679256,1.510255,1.499693,1.433062,1.470001
303,24.3385,Untying,Player,2.444016,1.883728,1.489746,1.294042,1.45
303,24.3385,Untying,Hung,2.679367,1.510224,1.49968,1.433032,1.470001
304,24.40516,Untying,Player,2.443813,1.883611,1.489788,1.293943,1.45
304,24.40516,Untying,Hung,2.679482,1.510246,1.499714,1.433053,1.470001
305,24.50516,Untying,Player,2.443487,1.883376,1.489671,1.293801,1.45
305,24.50516,Untying,Hung,2.67959,1.510221,1.499705,1.433029,1.470001
306,24.60516,Untying,Player,2.443194,1.883299,1.489559,1.293661,1.45
306,24.60516,Untying,Hung,2.679704,1.510226,1.499721,1.433033,1.470001
307,24.67183,Untying,Player,2.443086,1.883462,1.489579,1.293578,1.45
307,24.67183,Untying,Hung,2.679781,1.510247,1.499747,1.433053,1.470001
308,24.73849,Untying,Player,2.443077,1.883733,1.489657,1.293577,1.45
308,24.73849,Untying,Hung,2.679823,1.510252,1.499753,1.433057,1.470001
309,24.8385,Untying,Player,2.443177,1.884133,1.489761,1.293703,1.45
309,24.8385,Untying,Hung,2.679854,1.510239,1.499749,1.433041,1.470001
310,24.90516,Untying,Player,2.443155,1.884329,1.489745,1.293802,1.45
310,24.90516,Untying,Hung,2.679877,1.510254,1.499759,1.433055,1.470001
311,25.00516,Untying,Player,2.443035,1.884448,1.489579,1.293794,1.45
311,25.00516,Untying,Hung,2.679862,1.510263,1.499757,1.433062,1.470001
312,25.10516,Untying,Player,2.442882,1.884427,1.489314,1.293672,1.45
312,25.10516,Untying,Hung,2.679817,1.510277,1.499758,1.433075,1.470001
313,25.17183,Untying,Player,2.442789,1.884422,1.489183,1.293597,1.45
313,25.17183,Untying,Hung,2.679758,1.510275,1.499747,1.433073,1.470001
314,25.23849,Untying,Player,2.442718,1.884431,1.489114,1.29354,1.45
314,25.23849,Untying,Hung,2.679692,1.51028,1.499742,1.433077,1.470001
315,25.3385,Untying,Player,2.442729,1.884559,1.488944,1.293463,1.45
315,25.3385,Untying,Hung,2.67959,1.510299,1.499749,1.433097,1.470001
316,25.40516,Untying,Player,2.442841,1.884716,1.488759,1.293414,1.45
316,25.40516,Untying,Hung,2.679491,1.51029,1.499733,1.433088,1.470001
317,25.50516,Untying,Player,2.443115,1.884963,1.488678,1.293543,1.45
317,25.50516,Untying,Hung,2.679378,1.510314,1.499751,1.433114,1.470001
318,25.60516,Untying,Player,2.443263,1.884831,1.48887,1.293793,1.45
318,25.60516,Untying,Hung,2.679249,1.510319,1.499752,1.43312,1.470001
319,25.67183,Untying,Player,2.443377,1.884626,1.488884,1.293879,1.45
319,25.67183,Untying,Hung,2.679152,1.510301,1.499732,1.433103,1.470001
320,25.73849,Untying,Player,2.443527,1.884416,1.488733,1.293817,1.45
320,25.73849,Untying,Hung,2.679084,1.510302,1.499732,1.433105,1.470001
321,25.8385,Untying,Player,2.443597,1.883814,1.488599,1.293717,1.45
321,25.8385,Untying,Hung,2.679027,1.510321,1.499749,1.433124,1.470001
322,25.90516,Untying,Player,2.443679,1.883513,1.48802,1.293568,1.45
322,25.90516,Untying,Hung,2.678981,1.510305,1.499726,1.43311,1.470001
323,26.00516,Untying,Player,2.443941,1.883119,1.487275,1.29338,1.45
323,26.00516,Untying,Hung,2.678981,1.510312,1.499727,1.433117,1.470001
324,26.10516,Untying,Player,2.444306,1.882675,1.48679,1.293344,1.45
324,26.10516,Untying,Hung,2.679,1.510284,1.499702,1.433088,1.470001
325,26.17183,Untying,Player,2.444568,1.882311,1.486922,1.29345,1.45
325,26.17183,Untying,Hung,2.679049,1.510278,1.499699,1.433083,1.470001
326,26.23849,Untying,Player,2.444829,1.882012,1.486907,1.293582,1.45
326,26.23849,Untying,Hung,2.679111,1.510273,1.499696,1.433078,1.470001
327,26.3385,Untying,Player,2.444799,1.882038,1.48701,1.29382,1.45
327,26.3385,Untying,Hung,2.679205,1.51025,1.499671,1.433055,1.470001
328,26.40516,Untying,Player,2.444532,1.882266,1.487013,1.293823,1.45
328,26.40516,Untying,Hung,2.679303,1.510262,1.499681,1.433068,1.470001
329,26.50516,Untying,Player,2.44411,1.88246,1.486975,1.293741,1.45
329,26.50516,Untying,Hung,2.679413,1.510244,1.499654,1.433051,1.470001
330,26.60516,Untying,Player,2.443854,1.88202,1.486771,1.293629,1.45
330,26.60516,Untying,Hung,2.679537,1.510247,1.499653,1.433053,1.470001
331,26.67183,Untying,Player,2.443774,1.881738,1.48642,1.293529,1.45
331,26.67183,Untying,Hung,2.679623,1.510261,1.499669,1.433065,1.470001
332,26.73849,Untying,Player,2.443733,1.881655,1.486241,1.293459,1.45
332,26.73849,Untying,Hung,2.67969,1.510263,1.499676,1.433064,1.470001
333,26.8385,Untying,Player,2.443623,1.881639,1.486331,1.29354,1.45
333,26.8385,Untying,Hung,2.679763,1.510254,1.499682,1.43305,1.470001
334,26.90516,Untying,Player,2.443552,1.881896,1.486696,1.293742,1.45
334,26.90516,Untying,Hung,2.679816,1.510268,1.499706,1.43306,1.470001
335,27.00516,Untying,Player,2.443482,1.882383,1.487045,1.293977,1.45
335,27.00516,Untying,Hung,2.679842,1.510264,1.499712,1.433052,1.470001
336,27.10516,Untying,Player,2.804152,1.817501,1.672433,1.283903,1.45
336,27.10516,Untying,Hung,2.679844,1.510276,1.499723,1.433063,1.470001
337,27.17183,Untying,Player,3.081092,1.898542,1.901519,1.401938,1.45
337,27.17183,Untying,Hung,2.679826,1.51029,1.499732,1.433074,1.470001
338,27.23849,Rising,Player,3.070725,1.904519,1.917218,1.414354,1.45
338,27.23849,Rising,Hung,2.755282,1.621473,1.597483,1.420575,1.470001
339,27.3385,Rising,Player,2.958181,1.868633,1.889686,1.415132,1.45
339,27.3385,Rising,Hung,2.796142,1.771766,1.943364,1.612224,1.470001
340,27.40516,Rising,Player,2.869338,1.890913,1.933544,1.463386,1.45
340,27.40516,Rising,Hung,2.573514,1.567306,1.777831,1.449276,1.470001
341,27.50516,Rising,Player,2.869338,1.890913,1.933544,1.463386,1.45
341,27.50516,Rising,Hung,2.579686,1.571763,1.773204,1.448946,1.470001
342,27.60516,Rising,Player,2.869338,1.890913,1.933544,1.463386,1.45
342,27.60516,Rising,Hung,2.587011,1.57642,1.771053,1.449618,1.470001
343,27.67183,Rising,Player,2.869338,1.890913,1.933544,1.463386,1.45
343,27.67183,Rising,Hung,2.591663,1.579025,1.771028,1.449905,1.470001
344,27.73849,Rising,Player,2.869338,1.890913,1.933544,1.463386,1.45
344,27.73849,Rising,Hung,2.597003,1.581807,1.771345,1.449824,1.470001
345,27.8385,Rising,Player,2.869338,1.890913,1.933544,1.463386,1.45
345,27.8385,Rising,Hung,2.609025,1.587661,1.772213,1.449637,1.470001
346,27.90516,Rising,Player,2.869338,1.890913,1.933544,1.463386,1.45
346,27.90516,Rising,Hung,2.620311,1.594004,1.77369,1.449451,1.470001
347,28.00516,Rising,Player,2.869338,1.890913,1.933544,1.463386,1.45
347,28.00516,Rising,Hung,2.646339,1.614494,1.781002,1.449621,1.470001
348,28.10516,Rising,Player,2.869338,1.890913,1.933544,1.463386,1.45
348,28.10516,Rising,Hung,2.688189,1.654329,1.796179,1.448151,1.470001
349,28.17183,Rising,Player,2.869338,1.890913,1.933544,1.463386,1.45
349,28.17183,Rising,Hung,2.73127,1.693877,1.81462,1.448159,1.470001
350,28.23849,Rising,Player,2.869338,1.890913,1.933544,1.463386,1.45
350,28.23849,Rising,Hung,2.784746,1.739335,1.838576,1.448296,1.470001
351,28.3385,Rising,Player,2.869338,1.890913,1.933544,1.463386,1.45
351,28.3385,Rising,Hung,2.861808,1.801071,1.874288,1.446997,1.470001
352,28.40516,Rising,Player,2.869338,1.890913,1.933544,1.463386,1.45
352,28.40516,Rising,Hung,2.905177,1.83682,1.897709,1.450039,1.470001
353,28.50516,Rising,Player,2.869338,1.890913,1.933544,1.463386,1.45
353,28.50516,Rising,Hung,2.953409,1.871348,1.923161,1.449932,1.470001
354,28.60516,Rising,Player,2.869338,1.890913,1.933544,1.463386,1.45
354,28.60516,Rising,Hung,2.999298,1.892059,1.945853,1.450636,1.470001
355,28.67183,Rising,Player,2.869338,1.890913,1.933544,1.463386,1.45
355,28.67183,Rising,Hung,3.027493,1.903549,1.957698,1.449346,1.470001
356,28.73849,Rising,Player,2.869338,1.890913,1.933544,1.463386,1.45
356,28.73849,Rising,Hung,3.055064,1.919731,1.969018,1.448812,1.470001
357,28.8385,Rising,Player,2.869338,1.890913,1.933544,1.463386,1.45
357,28.8385,Rising,Hung,3.094236,1.947257,1.982777,1.447002,1.470001
358,28.90516,Rising,Player,2.869338,1.890913,1.933544,1.463386,1.45
358,28.90516,Rising,Hung,3.12152,1.969687,1.992454,1.44738,1.470001
359,29.00516,Rising,Player,2.869338,1.890913,1.933544,1.463386,1.45
359,29.00516,Rising,Hung,3.156946,2.002708,2.003926,1.446556,1.470001
360,29.10516,Rising,Player,2.869338,1.890913,1.933544,1.463386,1.45
360,29.10516,Rising,Hung,3.182771,2.026539,2.013405,1.44664,1.470001
361,29.17183,Rising,Player,2.869338,1.890913,1.933544,1.463386,1.45
361,29.17183,Rising,Hung,3.193714,2.036408,2.019012,1.448164,1.470001
362,29.23849,Rising,Player,2.869338,1.890913,1.933544,1.463386,1.45
362,29.23849,Rising,Hung,3.197941,2.03733,2.022034,1.449419,1.470001
363,29.3385,Rising,Player,2.869338,1.890913,1.933544,1.463386,1.45
363,29.3385,Rising,Hung,3.196227,2.029205,2.023798,1.451446,1.470001
364,29.40516,Rising,Player,2.869338,1.890913,1.933544,1.463386,1.45
364,29.40516,Rising,Hung,3.189892,2.021248,2.021342,1.449745,1.470001
365,29.50516,Rising,Player,2.869338,1.890913,1.933544,1.463386,1.45
365,29.50516,Rising,Hung,3.183052,2.015676,2.020684,1.449321,1.470001
366,29.60516,Rising,Player,2.869338,1.890913,1.933544,1.463386,1.45
366,29.60516,Rising,Hung,3.1759,2.010273,2.020202,1.456849,1.470001
367,29.67183,Rising,Player,2.869338,1.890913,1.933544,1.463386,1.45
367,29.67183,Rising,Hung,3.16916,2.004089,2.017417,1.449156,1.470001
368,29.73849,Rising,Player,2.869338,1.890913,1.933544,1.463386,1.45
368,29.73849,Rising,Hung,3.170935,2.006138,2.019453,1.44969,1.470001
369,29.8385,Rising,Player,2.869338,1.890913,1.933544,1.463386,1.45
369,29.8385,Rising,Hung,3.172555,2.008162,2.018261,1.450148,1.470001
370,29.90516,Rising,Player,2.869338,1.890913,1.933544,1.463386,1.45
370,29.90516,Rising,Hung,3.172609,2.008657,2.017758,1.449868,1.470001
371,30.00516,Rising,Player,2.869338,1.890913,1.933544,1.463386,1.45
371,30.00516,Rising,Hung,3.173251,2.009816,2.016863,1.450053,1.470001
372,30.10516,Rising,Player,2.869338,1.890913,1.933544,1.463386,1.45
372,30.10516,Rising,Hung,3.173867,2.011011,2.01495,1.450423,1.470001
373,30.17183,Rising,Player,2.869338,1.890913,1.933544,1.463386,1.45
373,30.17183,Rising,Hung,3.173767,2.011487,2.011909,1.447891,1.470001
374,30.23849,Rising,Player,2.869338,1.890913,1.933544,1.463386,1.45
374,30.23849,Rising,Hung,3.179928,2.018127,2.015095,1.447258,1.470001
375,30.3385,Rising,Player,2.869338,1.890913,1.933544,1.463386,1.45
375,30.3385,Rising,Hung,3.184379,2.022702,2.016168,1.448791,1.470001
376,30.40516,Rising,Player,2.869338,1.890913,1.933544,1.463386,1.45
376,30.40516,Rising,Hung,3.185979,2.023978,2.015855,1.448793,1.470001
377,30.50516,Rising,Player,2.869338,1.890913,1.933544,1.463386,1.45
377,30.50516,Rising,Hung,3.188038,2.02531,2.015429,1.44824,1.470001
378,30.60516,Rising,Player,2.869338,1.890913,1.933544,1.463386,1.45
378,30.60516,Rising,Hung,3.194828,2.026255,2.018005,1.452168,1.470001
379,30.67183,Rising,Player,2.869338,1.890913,1.933544,1.463386,1.45
379,30.67183,Rising,Hung,3.194721,2.020781,2.015573,1.452412,1.470001
380,30.73849,Rising,Player,2.869338,1.890913,1.933544,1.463386,1.45
380,30.73849,Rising,Hung,3.193034,2.014755,2.013277,1.45409,1.470001
381,30.8385,Rising,Player,2.869338,1.890913,1.933544,1.463386,1.45
381,30.8385,Rising,Hung,3.189536,2.006571,2.012632,1.462286,1.470001
382,30.90516,Rising,Player,2.869338,1.890913,1.933544,1.463386,1.45
382,30.90516,Rising,Hung,3.174958,1.990248,2.002206,1.457811,1.470001
383,30.97115,Escorting,Player,3.09144,1.924887,1.937636,1.434645,1.47
383,30.97115,Escorting,Hung,3.178014,1.991932,2.001196,1.452062,1.470001
384,31.12232,Escorting,Player,2.911372,1.904064,1.940635,1.471832,1.47
384,31.12232,Escorting,Hung,3.175326,1.989505,2.000228,1.452296,1.470001
385,31.28337,Escorting,Player,2.889338,1.910913,1.953544,1.483386,1.47
385,31.28337,Escorting,Hung,3.169023,1.98456,1.996592,1.452785,1.470001
386,31.44122,Escorting,Player,3.081495,1.919727,1.932427,1.431537,1.47
386,31.44122,Escorting,Hung,3.163466,1.980888,1.993102,1.453099,1.470001
387,31.5955,Escorting,Player,3.125061,1.944634,1.963334,1.450305,1.47
387,31.5955,Escorting,Hung,3.159802,1.978397,1.991222,1.453185,1.470001
388,31.75315,Escorting,Player,3.124586,1.946749,1.966085,1.456127,1.47
388,31.75315,Escorting,Hung,3.15717,1.976558,1.989694,1.453325,1.470001
389,31.9153,Escorting,Player,3.124072,1.9483,1.968202,1.460889,1.47
389,31.9153,Escorting,Hung,3.155531,1.975563,1.988295,1.453411,1.470001
390,32.07842,Escorting,Player,3.124095,1.948984,1.969841,1.463418,1.47
390,32.07842,Escorting,Hung,3.154241,1.974454,1.98712,1.453532,1.470001
391,32.37053,Escorting,Player,3.124366,1.950688,1.970848,1.467054,1.47
391,32.37053,Escorting,Hung,3.154752,1.974993,1.986312,1.453346,1.470001
392,32.52922,Escorting,Player,3.124357,1.95154,1.971216,1.468718,1.47
392,32.52922,Escorting,Hung,3.157458,1.977522,1.987068,1.453058,1.470001
393,32.69088,Escorting,Player,3.124194,1.952139,1.97102,1.469225,1.47
393,32.69088,Escorting,Hung,3.161242,1.980872,1.988567,1.452744,1.470001
394,32.8536,Escorting,Player,3.123979,1.952502,1.969659,1.468464,1.47
394,32.8536,Escorting,Hung,3.165372,1.984552,1.990083,1.452486,1.470001
395,33.02163,Escorting,Player,3.12408,1.952795,1.967518,1.46581,1.47
395,33.02163,Escorting,Hung,3.168644,1.987705,1.991117,1.452368,1.470001
396,33.18267,Escorting,Player,3.12416,1.953145,1.96506,1.463275,1.47
396,33.18267,Escorting,Hung,3.172319,1.991246,1.992009,1.451993,1.470001
397,33.34705,Escorting,Player,3.124259,1.953453,1.962707,1.460995,1.47
397,33.34705,Escorting,Hung,3.177489,1.996377,1.993732,1.451574,1.470001
398,33.50809,Escorting,Player,3.124818,1.953704,1.959755,1.458133,1.47
398,33.50809,Escorting,Hung,3.181454,2.00142,1.994533,1.451513,1.470001
399,33.67023,Escorting,Player,3.125666,1.952782,1.956125,1.452134,1.47
399,33.67023,Escorting,Hung,3.181894,2.004288,1.993122,1.451625,1.470001
400,33.83645,Escorting,Player,3.126454,1.952317,1.95146,1.446287,1.47
400,33.83645,Escorting,Hung,3.179652,2.004522,1.990584,1.45194,1.470001
401,34.00195,Escorting,Player,3.126263,1.953156,1.948026,1.444977,1.47
401,34.00195,Escorting,Hung,3.175482,2.001895,1.987988,1.452408,1.470001
402,34.1643,Escorting,Player,3.125824,1.955233,1.946484,1.446583,1.47
402,34.1643,Escorting,Hung,3.168345,1.996857,1.983937,1.45298,1.470001
403,34.34038,Escorting,Player,3.125617,1.958613,1.947031,1.454759,1.47
403,34.34038,Escorting,Hung,3.159991,1.99141,1.979291,1.453484,1.470001
404,34.51339,Escorting,Player,3.125156,1.962964,1.950021,1.460966,1.47
404,34.51339,Escorting,Hung,3.159392,1.990341,1.979647,1.452861,1.470001
405,34.68684,Escorting,Player,3.124489,1.966919,1.953399,1.467943,1.47
405,34.68684,Escorting,Hung,3.163711,1.992259,1.982961,1.452476,1.470001
406,34.8693,Escorting,Player,3.124684,1.966619,1.954921,1.469555,1.47
406,34.8693,Escorting,Hung,3.170851,1.995772,1.988304,1.451981,1.470001
407,35.05572,Escorting,Player,3.124799,1.963814,1.954323,1.465871,1.47
407,35.05572,Escorting,Hung,3.175356,1.997647,1.992057,1.451801,1.470001
408,35.24495,Escorting,Player,3.124635,1.959244,1.953463,1.458308,1.47
408,35.24495,Escorting,Hung,3.181584,2.000793,1.997238,1.451245,1.470001
409,35.43995,Escorting,Player,3.124266,1.956284,1.953375,1.453678,1.47
409,35.43995,Escorting,Hung,3.18389,2.000677,1.999588,1.451418,1.470001
410,35.65347,Escorting,Player,3.139945,1.956782,1.969997,1.443609,1.47
410,35.65347,Escorting,Hung,3.186688,2.000618,2.003066,1.450608,1.470001
411,35.87127,Escorting,Player,3.099833,1.944073,1.90273,1.399615,1.47
411,35.87127,Escorting,Hung,3.188093,2.000055,2.007161,1.451249,1.470001
412,36.08381,Escorting,Player,3.101664,1.950889,1.900719,1.401616,1.47
412,36.08381,Escorting,Hung,3.18363,1.995767,2.007183,1.451914,1.470001
413,36.29573,Escorting,Player,3.102431,1.955024,1.89796,1.402655,1.47
413,36.29573,Escorting,Hung,3.17694,1.991435,2.00711,1.452647,1.470001
414,36.51339,Escorting,Player,3.102054,1.955449,1.894975,1.404056,1.47
414,36.51339,Escorting,Hung,3.165422,1.984226,2.003634,1.452922,1.470001
415,36.72402,Escorting,Player,3.100418,1.953508,1.891978,1.404715,1.47
415,36.72402,Escorting,Hung,3.162807,1.982421,2.00184,1.452494,1.470001
416,36.93639,Escorting,Player,3.097474,1.949866,1.889152,1.405017,1.47
416,36.93639,Escorting,Hung,3.170651,1.987427,2.003552,1.451209,1.470001
417,37.16938,Escorting,Player,3.092933,1.944128,1.886082,1.403187,1.47
417,37.16938,Escorting,Hung,3.178125,1.992704,2.00436,1.451106,1.470001
418,37.39853,Escorting,Player,3.087698,1.938197,1.88244,1.394149,1.47
418,37.39853,Escorting,Hung,3.183024,1.997923,2.00337,1.451249,1.470001
419,37.62978,Escorting,Player,3.085127,1.932695,1.88126,1.386264,1.470001
419,37.62978,Escorting,Hung,3.18406,2.001016,1.999914,1.451092,1.470001
420,37.84398,Escorting,Player,3.086634,1.928928,1.883194,1.384108,1.470001
420,37.84398,Escorting,Hung,3.176221,1.995841,1.991639,1.424815,1.470001
421,38.20104,Escorting,Player,3.092934,1.927516,1.892197,1.404643,1.470001
421,38.20104,Escorting,Hung,3.16651,2.001252,2.036976,1.450071,1.470001
422,38.4118,Escorting,Player,3.096658,1.927846,1.898579,1.407365,1.470001
422,38.4118,Escorting,Hung,3.135756,1.972331,2.032691,1.446168,1.470001
423,38.61705,Escorting,Player,3.099836,1.926201,1.90403,1.407446,1.470001
423,38.61705,Escorting,Hung,3.125304,1.964169,2.0438,1.447801,1.470001
424,38.82033,Escorting,Player,3.101826,1.921888,1.907964,1.405415,1.470001
424,38.82033,Escorting,Hung,3.141472,1.96773,2.03784,1.446906,1.470001
425,39.02827,Escorting,Player,3.101868,1.9161,1.91056,1.401727,1.470001
425,39.02827,Escorting,Hung,3.141547,1.971435,2.015095,1.448656,1.470001
426,39.2322,Escorting,Player,3.099685,1.908603,1.910932,1.396644,1.470001
426,39.2322,Escorting,Hung,3.148156,1.995073,2.007298,1.447723,1.470001
427,39.46345,Escorting,Player,3.095602,1.898378,1.90855,1.391052,1.470001
427,39.46345,Escorting,Hung,3.155491,2.040302,2.002291,1.447491,1.470001
428,39.66844,Escorting,Player,3.092873,1.889799,1.905131,1.376047,1.470001
428,39.66844,Escorting,Hung,3.129928,2.067276,1.981143,1.445689,1.470001
429,39.88093,Escorting,Player,3.090864,1.883928,1.901834,1.359047,1.470001
429,39.88093,Escorting,Hung,3.103568,1.997339,1.97836,1.445601,1.470001
430,40.09787,Escorting,Player,3.089423,1.882303,1.901512,1.32385,1.470001
430,40.09787,Escorting,Hung,3.128569,1.968657,2.047869,1.448074,1.470001
431,40.31031,Escorting,Player,3.088696,1.8864,1.902656,1.304749,1.470001
431,40.31031,Escorting,Hung,3.084743,1.919405,2.031299,1.448855,1.470001
432,40.58028,Escorting,Player,3.090712,1.898023,1.904251,1.331944,1.470001
432,40.58028,Escorting,Hung,3.149887,2.055096,2.001404,1.443893,1.470001
433,40.84946,Escorting,Player,3.093969,1.91448,1.904474,1.369583,1.470001
433,40.84946,Escorting,Hung,3.082899,2.005971,1.937549,1.448622,1.470001
434,41.1152,Escorting,Player,3.120759,1.95748,1.926799,1.419811,1.493535
434,41.1152,Escorting,Hung,3.125976,1.96778,2.049799,1.446512,1.470001
435,41.31428,Escorting,Player,3.14309,1.987117,1.946108,1.442882,1.513335
435,41.31428,Escorting,Hung,3.086219,1.921227,2.032007,1.450234,1.470001
436,41.5148,Escorting,Player,3.16413,2.012966,1.963557,1.464122,1.532593
436,41.5148,Escorting,Hung,3.155323,2.060062,2.007295,1.45249,1.470001
437,41.72114,Escorting,Player,3.185277,2.037622,1.981153,1.485373,1.552877
437,41.72114,Escorting,Hung,3.119678,2.073552,1.970696,1.452785,1.470001
438,41.92226,Escorting,Player,3.204933,2.058297,1.998283,1.506608,1.572711
438,41.92226,Escorting,Hung,3.120137,1.997802,2.007835,1.450591,1.470001
439,42.12078,Escorting,Player,3.222989,2.076206,2.014764,1.526641,1.592031
439,42.12078,Escorting,Hung,3.128319,1.970085,2.051852,1.44873,1.470001
440,42.32541,Escorting,Player,3.240311,2.092972,2.031781,1.54683,1.611862
440,42.32541,Escorting,Hung,3.088593,1.924209,2.032358,1.451734,1.470001
441,42.52969,Escorting,Player,3.256739,2.108253,2.049259,1.566745,1.631892
441,42.52969,Escorting,Hung,3.157224,2.062032,2.008755,1.453879,1.470001
442,42.73978,Escorting,Player,3.272329,2.123217,2.066255,1.581705,1.652217
442,42.73978,Escorting,Hung,3.125663,2.074939,1.976953,1.453159,1.470001
443,42.95156,Escorting,Player,3.288923,2.138535,2.084371,1.592818,1.672846
443,42.95156,Escorting,Hung,3.121891,1.999528,2.008952,1.452183,1.470001
444,43.15508,Escorting,Player,3.308177,2.154028,2.104507,1.607014,1.692975
444,43.15508,Escorting,Hung,2.523055,1.370466,1.459097,0.8478912,1.22257
445,43.36188,Escorting,Player,3.330719,2.171545,2.127489,1.631836,1.713038
445,43.36188,Escorting,Hung,2.573292,1.427911,1.487378,0.9181423,1.15863
446,43.57569,Escorting,Player,3.355294,2.191406,2.153799,1.666714,1.733808
446,43.57569,Escorting,Hung,2.699624,1.606998,1.549916,0.9957957,1.076898
447,43.79593,Escorting,Player,3.38079,2.213125,2.181826,1.691814,1.755236
447,43.79593,Escorting,Hung,2.685602,1.630173,1.528401,1.065356,1.130266
448,44.07615,Escorting,Player,3.412544,2.238637,2.216831,1.720076,1.782595
448,44.07615,Escorting,Hung,2.829625,1.669279,1.74814,1.148704,1.199325
449,44.28642,Escorting,Player,3.434992,2.254591,2.241304,1.738211,1.803088
449,44.28642,Escorting,Hung,2.828383,1.662684,1.776876,1.193205,1.254514
450,44.49711,Escorting,Player,3.455641,2.269384,2.264573,1.755138,1.823881
450,44.49711,Escorting,Hung,2.934267,1.839195,1.786026,1.231268,1.309934
451,44.8537,Escorting,Player,3.484795,2.28923,2.297553,1.781153,1.858183
451,44.8537,Escorting,Hung,2.934448,1.839899,1.803894,1.286355,1.405205
452,45.06847,Escorting,Player,3.502963,2.301213,2.315472,1.789536,1.8795
452,45.06847,Escorting,Hung,3.006038,1.845335,1.923287,1.324379,1.431429
453,45.28452,Escorting,Player,3.52156,2.315267,2.33263,1.791508,1.900344
453,45.28452,Escorting,Hung,2.996608,1.830682,1.945478,1.361057,1.45784
454,45.50941,Escorting,Player,3.542029,2.334486,2.353632,1.785336,1.922323
454,45.50941,Escorting,Hung,3.098891,2.003399,1.950297,1.395364,1.48535
455,45.72669,Escorting,Player,3.56208,2.358856,2.37589,1.777932,1.943413
455,45.72669,Escorting,Hung,3.08845,2.046553,1.936625,1.433563,1.511944
456,45.94066,Escorting,Player,3.584121,2.387874,2.398129,1.814333,1.964353
456,45.94066,Escorting,Hung,3.142247,2.004291,2.038888,1.458281,1.545245
457,46.15528,Escorting,Player,3.607601,2.420076,2.420048,1.863825,1.985323
457,46.15528,Escorting,Hung,3.165465,2.012708,2.101272,1.489869,1.588643
458,46.38071,Escorting,Player,3.6314,2.457021,2.440598,1.917828,2.006617
458,46.38071,Escorting,Hung,3.184274,2.047713,2.086947,1.520526,1.66325
459,46.63521,Escorting,Player,3.659595,2.499074,2.464615,1.959026,2.031376
459,46.63521,Escorting,Hung,3.241655,2.165089,2.095428,1.550107,1.745968
460,46.91987,Escorting,Player,3.691173,2.539067,2.49146,1.991163,2.059973
460,46.91987,Escorting,Hung,3.266423,2.135026,2.159785,1.58925,1.778975
461,47.13474,Escorting,Player,3.712969,2.564861,2.509386,2.012912,2.080643
461,47.13474,Escorting,Hung,3.286502,2.132134,2.219453,1.607547,1.795466
462,47.35055,Escorting,Player,3.734015,2.587348,2.527611,2.035542,2.101723
462,47.35055,Escorting,Hung,3.281006,2.132127,2.199715,1.629183,1.812035
463,47.56475,Escorting,Player,3.753806,2.607037,2.545613,2.057388,2.12279
463,47.56475,Escorting,Hung,3.347796,2.25309,2.199313,1.641828,1.825368
464,47.7814,Escorting,Player,3.772346,2.624987,2.56383,2.078953,2.143984
464,47.7814,Escorting,Hung,3.281165,2.233829,2.12217,1.664805,1.832985
465,47.9912,Escorting,Player,3.788907,2.640369,2.581504,2.098999,2.164288
465,47.9912,Escorting,Hung,3.365663,2.205829,2.271327,1.672958,1.824397
466,48.1966,Escorting,Player,3.804517,2.655384,2.59849,2.113785,2.184565
466,48.1966,Escorting,Hung,3.332095,2.179274,2.278467,1.672737,1.815996
467,48.4032,Escorting,Player,3.820669,2.670266,2.616126,2.124532,2.204609
467,48.4032,Escorting,Hung,3.349369,2.227562,2.235502,1.672472,1.807547
468,48.61856,Escorting,Player,3.840869,2.686376,2.637225,2.139309,2.225604
468,48.61856,Escorting,Hung,3.368997,2.284727,2.221928,1.673259,1.798745
469,48.82717,Escorting,Player,3.863653,2.704161,2.660504,2.165878,2.245737
469,48.82717,Escorting,Hung,3.31138,2.239795,2.162298,1.680879,1.790224
470,49.03436,Escorting,Player,3.887924,2.723852,2.686506,2.199436,2.266278
470,49.03436,Escorting,Hung,3.382512,2.219506,2.289376,1.688508,1.802321
471,49.24827,Escorting,Player,3.912215,2.744517,2.713279,2.223233,2.286627
471,49.24827,Escorting,Hung,3.338587,2.176786,2.291253,1.69705,1.83475
472,49.47123,Escorting,Player,3.937831,2.76555,2.741516,2.246125,2.308629
472,49.47123,Escorting,Hung,3.41328,2.313472,2.270963,1.714054,1.868558
473,49.67758,Escorting,Player,3.960481,2.781835,2.766168,2.265135,2.328937
473,49.67758,Escorting,Hung,3.411363,2.355089,2.264846,1.729757,1.89986
474,49.89105,Escorting,Player,3.981185,2.796431,2.789386,2.28163,2.349155
474,49.89105,Escorting,Hung,3.412259,2.300406,2.294,1.750551,1.932257
475,50.10085,Escorting,Player,3.999993,2.809745,2.810862,2.29725,2.369814
475,50.10085,Escorting,Hung,3.459156,2.300388,2.381483,1.779381,1.929831
476,50.30925,Escorting,Player,4.017052,2.821347,2.829834,2.313389,2.390532
476,50.30925,Escorting,Hung,3.448744,2.28387,2.393504,1.812113,1.938445
477,50.51442,Escorting,Player,4.033907,2.832278,2.846437,2.320779,2.410392
477,50.51442,Escorting,Hung,3.544868,2.449499,2.396509,1.84178,1.958712
478,50.71821,Escorting,Player,4.051837,2.845772,2.862963,2.322697,2.430476
478,50.71821,Escorting,Hung,3.534648,2.48883,2.385529,1.868371,1.979519
479,50.92088,Escorting,Player,4.070129,2.8624,2.881363,2.321545,2.450156
479,50.92088,Escorting,Hung,3.566954,2.438056,2.458865,1.892571,2.079227
480,51.12954,Escorting,Player,4.089002,2.884597,2.902519,2.306134,2.470281
480,51.12954,Escorting,Hung,3.592547,2.437055,2.522943,1.912928,2.113432
481,51.48399,Escorting,Player,4.125651,2.933084,2.939169,2.367242,2.504904
481,51.48399,Escorting,Hung,3.658584,2.560852,2.513465,1.957456,2.143365
482,51.69764,Escorting,Player,4.148834,2.966121,2.960129,2.417092,2.525441
482,51.69764,Escorting,Hung,3.65098,2.601723,2.503269,1.978039,2.156485
483,51.91553,Escorting,Player,4.172595,3.004017,2.980138,2.469587,2.5471
483,51.91553,Escorting,Hung,3.669976,2.543558,2.56041,1.997581,2.169865
484,52.13128,Escorting,Player,4.196991,3.038248,3.001339,2.496486,2.568198
484,52.13128,Escorting,Hung,3.691572,2.536314,2.622528,2.011961,2.196029
485,52.35966,Escorting,Player,4.221048,3.068719,3.021531,2.52103,2.589933
485,52.35966,Escorting,Hung,3.690158,2.543295,2.606186,2.036415,2.189005
486,52.59286,Escorting,Player,4.245498,3.097496,3.041798,2.545475,2.613155
486,52.59286,Escorting,Hung,3.759048,2.667264,2.60948,2.056734,2.190208
487,52.80849,Escorting,Player,4.266421,3.119766,3.059931,2.568002,2.634152
487,52.80849,Escorting,Hung,3.698801,2.642545,2.54164,2.077887,2.200981
488,53.09682,Escorting,Player,4.292203,3.145237,3.083697,2.596824,2.66203
488,53.09682,Escorting,Hung,3.784619,2.624696,2.704146,2.104242,2.241246
489,53.30883,Escorting,Player,4.310071,3.162341,3.101842,2.617989,2.682959
489,53.30883,Escorting,Hung,3.759504,2.593681,2.707038,2.12343,2.251704
490,53.52369,Escorting,Player,4.326644,3.177831,3.119815,2.636896,2.703786
490,53.52369,Escorting,Hung,3.854038,2.757657,2.705812,2.151055,2.276272
491,53.74446,Escorting,Player,4.342889,3.193413,3.137591,2.649494,2.725093
491,53.74446,Escorting,Hung,3.846798,2.800992,2.696761,2.182395,2.303967
492,53.95943,Escorting,Player,4.361672,3.209652,3.157718,2.663054,2.746478
492,53.95943,Escorting,Hung,3.884676,2.754937,2.775598,2.209239,2.330318
493,54.17184,Escorting,Player,4.383272,3.226098,3.179797,2.680324,2.766988
493,54.17184,Escorting,Hung,3.925431,2.768787,2.852053,2.245367,2.351661
494,54.38338,Escorting,Player,4.406868,3.245069,3.204551,2.715833,2.787117
494,54.38338,Escorting,Hung,3.935485,2.775067,2.868643,2.293132,2.404206
495,54.58566,Escorting,Player,4.431063,3.265078,3.230705,2.742702,2.807497
495,54.58566,Escorting,Hung,4.042676,2.945495,2.896924,2.33833,2.461497
496,54.78566,Escorting,Player,4.454022,3.284787,3.256215,2.764534,2.826971
496,54.78566,Escorting,Hung,4.038337,2.999519,2.884644,2.393796,2.518196
497,54.9974,Escorting,Player,4.477631,3.303074,3.282129,2.784962,2.847421
497,54.9974,Escorting,Hung,4.119046,2.975014,3.018401,2.429798,2.578272
498,55.20954,Escorting,Player,4.500086,3.319031,3.306653,2.802862,2.868089
498,55.20954,Escorting,Hung,4.157058,3.005895,3.094844,2.485588,2.638523
499,55.41991,Escorting,Player,4.520383,3.333545,3.329601,2.819468,2.888775
499,55.41991,Escorting,Hung,4.191705,3.051939,3.098314,2.530975,2.698359
500,55.62352,Escorting,Player,4.537505,3.345358,3.3492,2.833987,2.90852
500,55.62352,Escorting,Hung,4.280355,3.187325,3.130725,2.57604,2.741137
501,55.82807,Escorting,Player,4.541661,3.344041,3.354621,2.836656,2.916275
501,55.82807,Escorting,Hung,4.246608,3.20042,3.087525,2.630659,2.761204
502,56.03277,Escorting,Player,4.54601,3.342605,3.358174,2.828137,2.923283
502,56.03277,Escorting,Hung,4.362798,3.20476,3.267869,2.669533,2.782892
503,56.25869,Escorting,Player,4.551508,3.344251,3.362449,2.81907,2.930823
503,56.25869,Escorting,Hung,4.365212,3.210001,3.31472,2.712374,2.816229
504,56.47398,Escorting,Player,4.557538,3.350831,3.369966,2.786717,2.938301
504,56.47398,Escorting,Hung,4.423493,3.312213,3.297722,2.736993,2.848004
505,56.68566,Escorting,Player,4.564241,3.362654,3.378285,2.780972,2.94549
505,56.68566,Escorting,Hung,4.459472,3.385039,3.313383,2.768832,2.879254
506,56.91439,Escorting,Player,4.57377,3.380408,3.387417,2.813035,2.953249
506,56.91439,Escorting,Hung,4.453568,3.354429,3.32632,2.80172,2.91
507,57.12501,Escorting,Player,4.583586,3.399553,3.395192,2.84868,2.960457
507,57.12501,Escorting,Hung,4.506709,3.345932,3.423539,2.8249,2.91
508,57.33891,Escorting,Player,4.593029,3.422576,3.401114,2.88671,2.967741
508,57.33891,Escorting,Hung,4.482563,3.316497,3.432236,2.846591,2.91
509,57.55118,Escorting,Player,4.603341,3.443427,3.408138,2.902758,2.974924
509,57.55118,Escorting,Hung,4.558606,3.460791,3.411819,2.856421,2.911899
510,57.76833,Escorting,Player,4.612979,3.459716,3.414221,2.912898,2.982217
510,57.76833,Escorting,Hung,4.534637,3.484526,3.386478,2.861682,2.910279
511,58.12378,Escorting,Player,4.626851,3.479663,3.42202,2.927364,2.994404
511,58.12378,Escorting,Hung,4.560074,3.398579,3.469218,2.869448,2.925403
512,58.33391,Escorting,Player,4.6336,3.486998,3.426339,2.935786,3.001642
512,58.33391,Escorting,Hung,4.505977,3.34193,3.459229,2.866639,2.947748
513,58.58337,Escorting,Player,4.638718,3.491659,3.430135,2.943901,3.008978
513,58.58337,Escorting,Hung,4.575506,3.480582,3.427061,2.87195,2.999727
514,58.80372,Escorting,Player,4.643836,3.495815,3.435857,2.952615,3.017513
514,58.80372,Escorting,Hung,4.52597,3.487176,3.372252,2.881546,3.028954
515,59.03305,Escorting,Player,4.646619,3.497673,3.440175,2.95667,3.025119
515,59.03305,Escorting,Hung,4.562477,3.410712,3.46477,2.867866,2.995324
516,59.25523,Escorting,Player,4.649633,3.499749,3.444769,2.954537,3.032902
516,59.25523,Escorting,Hung,4.533895,3.383275,3.476272,2.869222,2.976723
517,59.47619,Escorting,Player,4.655535,3.502129,3.451799,2.955341,3.040422
517,59.47619,Escorting,Hung,4.547236,3.426054,3.432738,2.869829,2.958192
518,59.69014,Escorting,Player,4.66507,3.50638,3.461746,2.964677,3.047742
518,59.69014,Escorting,Hung,4.565178,3.481245,3.418169,2.86963,2.94023
519,59.90789,Escorting,Player,4.676208,3.512736,3.474544,2.987334,3.05508
519,59.90789,Escorting,Hung,4.50987,3.43156,3.365451,2.874587,2.921941
520,60.12663,Escorting,Player,4.687781,3.520433,3.488541,2.998891,3.06257
520,60.12663,Escorting,Hung,4.569119,3.407847,3.479898,2.880905,2.916802
521,60.3545,Escorting,Player,4.699295,3.527473,3.502782,3.007837,3.070343
521,60.3545,Escorting,Hung,4.519847,3.353928,3.470809,2.884605,2.91406
522,60.57004,Escorting,Player,4.709198,3.530797,3.514806,3.014055,3.077715
522,60.57004,Escorting,Hung,4.589039,3.49296,3.441541,2.886515,2.921165
523,60.78767,Escorting,Player,4.717148,3.532502,3.525297,3.017649,3.085106
523,60.78767,Escorting,Hung,4.555601,3.510876,3.405889,2.891796,2.928318
524,61.01155,Escorting,Player,4.722636,3.532126,3.533625,3.019794,3.092607
524,61.01155,Escorting,Hung,4.57373,3.435798,3.470503,2.889819,2.938203
525,61.24601,Escorting,Player,4.726401,3.529709,3.539313,3.022294,3.100499
525,61.24601,Escorting,Hung,4.568422,3.41864,3.507669,2.900348,2.958923
526,61.48449,Escorting,Player,4.731225,3.527787,3.543379,3.013239,3.108513
526,61.48449,Escorting,Hung,4.584201,3.469675,3.462214,2.900744,3.09428
527,61.7058,Escorting,Player,4.73708,3.529857,3.548023,3.004704,3.116374
527,61.7058,Escorting,Hung,4.594778,3.520884,3.448718,2.904353,3.09474
528,61.93398,Escorting,Player,4.743218,3.536698,3.555777,2.970578,3.124052
528,61.93398,Escorting,Hung,4.564767,3.465745,3.437437,2.913014,3.093949
529,62.1592,Escorting,Player,4.750552,3.549671,3.564658,2.968284,3.131718
529,62.1592,Escorting,Hung,4.600558,3.441614,3.522683,2.920818,3.098283
530,62.38002,Escorting,Player,4.76006,3.56731,3.573609,3.001115,3.139366
530,62.38002,Escorting,Hung,4.567229,3.404521,3.506567,2.928368,3.092533
531,62.6228,Escorting,Player,4.821772,3.635884,3.603818,3.092062,3.140122
531,62.6228,Escorting,Hung,4.642485,3.547278,3.494209,2.938435,3.042755
532,62.87066,Escorting,Player,4.783746,3.63559,3.603699,3.091742,3.140122
532,62.87066,Escorting,Hung,4.652166,3.55696,3.50389,2.948116,3.02899
533,63.10695,Escorting,Player,4.78368,3.635291,3.60359,3.091314,3.140122
533,63.10695,Escorting,Hung,4.660151,3.564945,3.511876,2.956102,3.028732
534,63.33731,Escorting,Player,4.783883,3.634449,3.603751,3.090364,3.140122
534,63.33731,Escorting,Hung,4.660151,3.564945,3.511876,2.956102,3.028732
535,63.5715,Escorting,Player,4.784109,3.633616,3.603955,3.089434,3.140122
535,63.5715,Escorting,Hung,4.660151,3.564945,3.511876,2.956102,3.028732
536,63.803,Escorting,Player,4.784253,3.633085,3.604227,3.088692,3.140122
536,63.803,Escorting,Hung,4.660151,3.564945,3.511876,2.956102,3.028732
537,64.03984,Escorting,Player,4.784262,3.633078,3.604612,3.088455,3.140122
537,64.03984,Escorting,Hung,4.660151,3.564945,3.511876,2.956102,3.028732
538,64.27639,Escorting,Player,4.784158,3.633231,3.605026,3.088436,3.140122
538,64.27639,Escorting,Hung,4.660151,3.564945,3.511876,2.956102,3.028732
539,64.50333,Escorting,Player,4.783977,3.633404,3.605386,3.088784,3.140122
539,64.50333,Escorting,Hung,4.660151,3.564945,3.511876,2.956102,3.028732
540,64.73161,Escorting,Player,4.783634,3.633477,3.605683,3.089041,3.140122
540,64.73161,Escorting,Hung,4.734106,3.548306,3.559087,3.011256,3.028732
541,65.09557,Escorting,Player,4.782852,3.633396,3.605981,3.089218,3.140122
541,65.09557,Escorting,Hung,4.670848,3.488467,3.500713,2.961017,3.028732
542,65.32889,Escorting,Player,4.78231,3.633258,3.606099,3.089312,3.140122
542,65.32889,Escorting,Hung,4.670848,3.488467,3.500713,2.961017,3.028732
543,65.55963,Escorting,Player,4.782146,3.633107,3.606274,3.089554,3.140122
543,65.55963,Escorting,Hung,4.670848,3.488467,3.500713,2.961017,3.028732
544,65.78951,Escorting,Player,4.782266,3.632789,3.606404,3.089604,3.140122
544,65.78951,Escorting,Hung,4.670848,3.488467,3.500713,2.961017,3.028732
545,66.02822,Escorting,Player,4.782372,3.632175,3.606572,3.089378,3.140122
545,66.02822,Escorting,Hung,4.670848,3.488467,3.500713,2.961017,3.028732
546,66.28482,Escorting,Player,4.782153,3.631329,3.60663,3.088279,3.140122
546,66.28482,Escorting,Hung,4.670848,3.488467,3.500713,2.961017,3.028732
547,66.52075,Escorting,Player,4.781862,3.630632,3.606563,3.087542,3.140122
547,66.52075,Escorting,Hung,4.670848,3.488467,3.500713,2.961017,3.028732
548,66.74831,Escorting,Player,4.781703,3.63014,3.606442,3.087046,3.140122
548,66.74831,Escorting,Hung,4.670848,3.488467,3.500713,2.961017,3.028732
549,66.97713,Escorting,Player,4.781818,3.630088,3.60638,3.086886,3.140122
549,66.97713,Escorting,Hung,4.670848,3.488467,3.500713,2.961017,3.028732
550,67.20293,Escorting,Player,4.782399,3.63078,3.606336,3.087212,3.140122
550,67.20293,Escorting,Hung,4.670848,3.488467,3.500713,2.961017,3.028732
551,67.43183,Escorting,Player,4.783181,3.631855,3.606331,3.087495,3.140122
551,67.43183,Escorting,Hung,4.670848,3.488467,3.500713,2.961017,3.028732
552,67.66101,Escorting,Player,4.783928,3.6328,3.606519,3.087739,3.140122
552,67.66101,Escorting,Hung,4.670848,3.488467,3.500713,2.961017,3.028732
553,67.88857,Escorting,Player,4.784484,3.633324,3.606657,3.088415,3.140122
553,67.88857,Escorting,Hung,4.670848,3.488467,3.500713,2.961017,3.028732
554,68.11505,Escorting,Player,4.784838,3.633696,3.60671,3.08949,3.140122
554,68.11505,Escorting,Hung,4.670848,3.488467,3.500713,2.961017,3.028732
555,68.34351,Escorting,Player,4.78496,3.634104,3.606524,3.090094,3.140122
555,68.34351,Escorting,Hung,4.670848,3.488467,3.500713,2.961017,3.028732
556,68.57393,Escorting,Player,4.784923,3.634428,3.606258,3.090079,3.140122
556,68.57393,Escorting,Hung,4.670848,3.488467,3.500713,2.961017,3.028732
557,68.80676,Escorting,Player,4.784886,3.634764,3.60599,3.090155,3.140122
557,68.80676,Escorting,Hung,4.670848,3.488467,3.500713,2.961017,3.028732
558,69.03709,Escorting,Player,4.784921,3.635125,3.605862,3.090577,3.140122
558,69.03709,Escorting,Hung,4.670848,3.488467,3.500713,2.961017,3.028732
559,69.27235,Escorting,Player,4.784845,3.635401,3.605534,3.090746,3.140122
559,69.27235,Escorting,Hung,4.670848,3.488467,3.500713,2.961017,3.028732
560,69.50356,Escorting,Player,4.784747,3.635652,3.605257,3.091398,3.140122
560,69.50356,Escorting,Hung,4.670848,3.488467,3.500713,2.961017,3.028732
561,69.7354,Escorting,Player,4.784531,3.635736,3.604927,3.091541,3.140122
561,69.7354,Escorting,Hung,4.670848,3.488467,3.500713,2.961017,3.028732
562,69.97292,Escorting,Player,4.787699,3.63589,3.604736,3.091757,3.140122
562,69.97292,Escorting,Hung,4.670848,3.488467,3.500713,2.961017,3.028732
563,70.20459,Escorting,Player,4.789027,3.636015,3.604575,3.092005,3.140122
563,70.20459,Escorting,Hung,4.670848,3.488467,3.500713,2.961017,3.028732
564,70.43899,Escorting,Player,4.794505,3.636123,3.604426,3.092057,3.140122
564,70.43899,Escorting,Hung,4.670848,3.488467,3.500713,2.961017,3.028732
565,70.67229,Escorting,Player,4.799377,3.636159,3.604217,3.092255,3.140122
565,70.67229,Escorting,Hung,4.670848,3.488467,3.500713,2.961017,3.028732
566,70.90163,Escorting,Player,4.800339,3.636092,3.604013,3.092129,3.140122
566,70.90163,Escorting,Hung,4.670848,3.488467,3.500713,2.961017,3.028732
567,71.13322,Escorting,Player,4.808764,3.635937,3.603863,3.092135,3.140122
567,71.13322,Escorting,Hung,4.670848,3.488467,3.500713,2.961017,3.028732
568,71.36367,Escorting,Player,4.81199,3.635687,3.603731,3.091845,3.140122
568,71.36367,Escorting,Hung,4.670848,3.488467,3.500713,2.961017,3.028732
569,71.59308,Escorting,Player,4.809274,3.635418,3.603627,3.091487,3.140122
569,71.59308,Escorting,Hung,4.670848,3.488467,3.500713,2.961017,3.028732
570,71.82423,Escorting,Player,4.795798,3.634765,3.603683,3.090724,3.140122
570,71.82423,Escorting,Hung,4.672518,3.495278,3.486362,2.94162,3.028732
571,72.18337,Escorting,Player,4.786798,3.633482,3.604,3.089316,3.140122
571,72.18337,Escorting,Hung,4.681381,3.507588,3.499352,2.961194,3.028732
572,72.41348,Escorting,Player,4.785959,3.633037,3.604282,3.088567,3.140122
572,72.41348,Escorting,Hung,4.675613,3.504793,3.496203,2.960948,3.028732
573,72.64939,Escorting,Player,4.784249,3.633104,3.604685,3.088431,3.140122
573,72.64939,Escorting,Hung,4.676339,3.505838,3.497552,2.960238,3.028732
574,72.87992,Escorting,Player,4.784134,3.633258,3.605092,3.088463,3.140122
574,72.87992,Escorting,Hung,4.678718,3.506063,3.497886,2.96011,3.028732
575,73.10976,Escorting,Player,4.78393,3.633428,3.60544,3.088847,3.140122
575,73.10976,Escorting,Hung,4.684114,3.507903,3.499602,2.959897,3.028732
576,73.31582,Escorting,Player,4.783601,3.633478,3.605702,3.089056,3.140122
576,73.31582,Escorting,Hung,4.690675,3.511363,3.503565,2.959013,3.028732
577,73.52435,Escorting,Player,4.783179,3.633459,3.605881,3.089206,3.140122
577,73.52435,Escorting,Hung,4.692687,3.511454,3.505036,2.959938,3.028732
578,73.72352,Escorting,Player,4.782702,3.633361,3.606006,3.089211,3.140122
578,73.72352,Escorting,Hung,4.69309,3.510501,3.50571,2.959288,3.028732
579,73.92296,Escorting,Player,4.782267,3.633249,3.606116,3.08935,3.140122
579,73.92296,Escorting,Hung,4.692523,3.507562,3.507128,2.959662,3.028732
580,74.12177,Escorting,Player,4.782146,3.633111,3.606272,3.089562,3.140122
580,74.12177,Escorting,Hung,4.690839,3.504714,3.508316,2.960029,3.028732
581,74.32433,Escorting,Player,4.782672,3.632857,3.606378,3.089558,3.140122
581,74.32433,Escorting,Hung,4.688667,3.502422,3.509196,2.960114,3.028732
582,74.53339,Escorting,Player,4.782351,3.632336,3.606537,3.089559,3.140122
582,74.53339,Escorting,Hung,4.685711,3.499634,3.509327,2.960164,3.028732
583,74.73865,Escorting,Player,4.782317,3.631724,3.606619,3.088766,3.140122
583,74.73865,Escorting,Hung,4.680392,3.495236,3.506912,2.961324,3.028732
584,74.9445,Escorting,Player,4.782008,3.631015,3.606621,3.087903,3.140122
584,74.9445,Escorting,Hung,4.672547,3.489777,3.50197,2.961645,3.028732
585,75.14726,Escorting,Player,4.78181,3.630488,3.606524,3.087417,3.140122
585,75.14726,Escorting,Hung,4.667641,3.486373,3.499343,2.961627,3.028732
586,75.35013,Escorting,Player,4.781715,3.630111,3.606447,3.087001,3.140122
586,75.35013,Escorting,Hung,4.664546,3.484362,3.497224,2.961656,3.028732
587,75.5566,Escorting,Player,4.727611,3.603882,3.566815,3.079734,3.146329
587,75.5566,Escorting,Hung,4.662918,3.483019,3.495799,2.961827,3.028732
588,75.75262,Escorting,Player,4.74596,3.611058,3.579556,3.08966,3.153175
588,75.75262,Escorting,Hung,4.661999,3.482476,3.494555,2.961642,3.028732
589,75.98155,Escorting,Player,4.790045,3.617842,3.593697,3.098366,3.160884
589,75.98155,Escorting,Hung,4.649746,3.469889,3.484452,2.9271,3.029732
590,76.20241,Escorting,Player,4.800083,3.621089,3.605886,3.104446,3.168457
590,76.20241,Escorting,Hung,4.667325,3.504532,3.523798,2.964408,3.041037
591,76.42339,Escorting,Player,4.807915,3.622645,3.616364,3.108104,3.175958
591,76.42339,Escorting,Hung,4.683106,3.568189,3.528814,2.976016,3.051523
592,76.72977,Escorting,Player,4.808189,3.614895,3.620317,3.104448,3.18
592,76.72977,Escorting,Hung,4.634583,3.589389,3.476156,3.001099,3.081058
593,76.8903,Escorting,Player,4.807457,3.609857,3.620417,3.102476,3.18206
593,76.8903,Escorting,Hung,4.669733,3.544396,3.557504,2.997655,3.10039
594,77.04832,Escorting,Player,4.807343,3.60515,3.619777,3.092818,3.184078
594,77.04832,Escorting,Hung,4.695235,3.534002,3.607931,3.009454,3.116295
595,77.20464,Escorting,Player,4.807639,3.601988,3.618914,3.080421,3.186035
595,77.20464,Escorting,Hung,4.667978,3.511416,3.618511,3.019084,3.13203
596,77.37379,Escorting,Player,4.808468,3.600812,3.619452,3.070019,3.188115
596,77.37379,Escorting,Hung,4.68924,3.558645,3.585115,3.020169,3.142616
597,77.54363,Escorting,Player,4.809451,3.602873,3.62197,3.037349,3.190263
597,77.54363,Escorting,Hung,4.733746,3.637521,3.587157,3.027822,3.160245
598,77.70813,Escorting,Player,4.811057,3.608314,3.624955,3.026904,3.192383
598,77.70813,Escorting,Hung,4.702182,3.661303,3.550222,3.049092,3.167325
599,77.87395,Escorting,Player,4.813966,3.616577,3.628058,3.040464,3.194468
599,77.87395,Escorting,Hung,4.711274,3.599349,3.593061,3.049511,3.177159
600,78.03436,Escorting,Player,4.817692,3.626605,3.630937,3.063673,3.196497
600,78.03436,Escorting,Hung,4.752851,3.591407,3.662229,3.062557,3.195999
601,78.29064,Escorting,Player,4.823932,3.646183,3.634,3.103432,3.199681
601,78.29064,Escorting,Hung,4.712719,3.549046,3.654704,3.075152,3.154567
602,78.4543,Escorting,Player,4.827451,3.660557,3.634513,3.125312,3.201774
602,78.4543,Escorting,Hung,4.768929,3.635406,3.645235,3.083341,3.1302
603,78.6284,Escorting,Player,4.832597,3.67324,3.637184,3.132017,3.204
603,78.6284,Escorting,Hung,4.800086,3.695892,3.653723,3.094598,3.181461
604,78.80187,Escorting,Player,4.836649,3.682677,3.638411,3.136504,3.206153
604,78.80187,Escorting,Hung,4.782906,3.726374,3.634589,3.10361,3.190943
605,78.9842,Escorting,Player,4.840339,3.690272,3.638704,3.140188,3.208458
605,78.9842,Escorting,Hung,4.761661,3.667119,3.628995,3.11332,3.199617
606,79.17076,Escorting,Player,4.843251,3.695939,3.638632,3.143558,3.210811
606,79.17076,Escorting,Hung,4.819041,3.656891,3.726293,3.126317,3.210816
607,79.37601,Escorting,Player,4.845451,3.698845,3.638387,3.147439,3.21339
607,79.37601,Escorting,Hung,4.779673,3.617977,3.732096,3.137973,3.229553
608,79.56167,Escorting,Player,4.84644,3.699595,3.638098,3.150398,3.215745
608,79.56167,Escorting,Hung,4.83483,3.724594,3.70773,3.147252,3.249746
609,79.74378,Escorting,Player,4.846435,3.699079,3.637916,3.153024,3.218055
609,79.74378,Escorting,Hung,4.852413,3.765916,3.704985,3.155155,3.26957
610,79.92422,Escorting,Player,4.845552,3.697165,3.637939,3.155315,3.220321
610,79.92422,Escorting,Hung,4.788912,3.736572,3.630803,3.170304,3.29393
611,80.10706,Escorting,Player,4.843852,3.694877,3.637477,3.153812,3.222614
611,80.10706,Escorting,Hung,4.879061,3.72321,3.783303,3.183888,3.320408
612,80.29311,Escorting,Player,4.842129,3.692444,3.63709,3.147674,3.224987
612,80.29311,Escorting,Hung,4.864082,3.713565,3.802565,3.194144,3.310433
613,80.48269,Escorting,Player,4.84246,3.690248,3.638548,3.143707,3.227302
613,80.48269,Escorting,Hung,4.853999,3.705455,3.772276,3.20187,3.328789
614,80.67485,Escorting,Player,4.84592,3.688993,3.642429,3.142908,3.229779
614,80.67485,Escorting,Hung,4.919076,3.821182,3.775157,3.214859,3.347496
615,80.87042,Escorting,Player,4.85153,3.690315,3.648994,3.159359,3.232258
615,80.87042,Escorting,Hung,4.876902,3.839115,3.72152,3.240207,3.370832
616,81.06165,Escorting,Player,4.857522,3.692168,3.656746,3.169233,3.234656
616,81.06165,Escorting,Hung,4.920896,3.783535,3.817414,3.237507,3.386235
617,81.26165,Escorting,Player,4.863527,3.694973,3.66527,3.174336,3.237115
617,81.26165,Escorting,Hung,4.926072,3.771298,3.858143,3.24668,3.389204
618,81.4624,Escorting,Player,4.869282,3.696214,3.673275,3.177143,3.239697
618,81.4624,Escorting,Hung,4.909401,3.75097,3.839496,3.265202,3.394647
619,81.66219,Escorting,Player,4.873911,3.694634,3.679811,3.178039,3.242221
619,81.66219,Escorting,Hung,4.983964,3.88645,3.838822,3.279727,3.415185
620,81.86426,Escorting,Player,4.876764,3.691748,3.685091,3.177081,3.244769
620,81.86426,Escorting,Hung,4.946213,3.907968,3.791835,3.304918,3.41736
621,82.06206,Escorting,Player,4.877463,3.687275,3.688303,3.174744,3.247251
621,82.06206,Escorting,Hung,4.986478,3.848684,3.883203,3.302695,3.423212
622,82.2679,Escorting,Player,4.876462,3.680888,3.689222,3.17282,3.249857
622,82.2679,Escorting,Hung,4.992795,3.838697,3.926244,3.314265,3.429369
623,82.4703,Escorting,Player,4.876028,3.674613,3.688594,3.163427,3.252418
623,82.4703,Escorting,Hung,4.977664,3.822681,3.903582,3.330741,3.439817
624,82.67676,Escorting,Player,4.876429,3.670437,3.687578,3.147608,3.255025
624,82.67676,Escorting,Hung,5.049564,3.951387,3.905583,3.345324,3.443069
625,82.8869,Escorting,Player,4.877599,3.669875,3.688851,3.128551,3.257643
625,82.8869,Escorting,Hung,5.000791,3.962202,3.84339,3.372437,3.46433
626,83.12191,Escorting,Player,4.879211,3.675508,3.692916,3.095369,3.260535
626,83.12191,Escorting,Hung,5.076223,3.917233,3.981614,3.383864,3.496145
627,83.34747,Escorting,Player,4.883118,3.686602,3.697149,3.112449,3.263415
627,83.34747,Escorting,Hung,5.046669,3.890882,3.996661,3.395427,3.503694
628,83.5763,Escorting,Player,4.888668,3.701474,3.701036,3.14578,3.266299
628,83.5763,Escorting,Hung,5.096802,3.990507,3.963422,3.404094,3.505382
629,83.80838,Escorting,Player,4.894175,3.720697,3.703125,3.182339,3.269262
629,83.80838,Escorting,Hung,5.098433,4.042134,3.95192,3.416803,3.534883
630,84.04353,Escorting,Player,4.900396,3.739655,3.705496,3.199809,3.272249
630,84.04353,Escorting,Hung,5.107804,3.981343,3.998265,3.435378,3.590896
631,84.39896,Escorting,Player,4.908377,3.757616,3.707419,3.208327,3.276708
631,84.39896,Escorting,Hung,5.097367,3.932287,4.050422,3.460585,3.620764
632,84.63757,Escorting,Player,4.912173,3.76499,3.707334,3.212695,3.279726
632,84.63757,Escorting,Hung,5.153762,4.011453,4.034154,3.47099,3.592148
633,84.86402,Escorting,Player,4.914427,3.767821,3.707017,3.216795,3.282562
633,84.86402,Escorting,Hung,5.188687,4.087733,4.038232,3.481376,3.621667
634,85.08977,Escorting,Player,4.915252,3.768211,3.70668,3.220331,3.285428
634,85.08977,Escorting,Hung,5.132185,4.086112,3.972911,3.512886,3.625837
635,85.31206,Escorting,Player,4.914665,3.766676,3.706655,3.223349,3.288253
635,85.31206,Escorting,Hung,5.213549,4.053323,4.119156,3.520647,3.659585
636,85.53632,Escorting,Player,4.912796,3.763874,3.706289,3.222912,3.291062
636,85.53632,Escorting,Hung,5.182871,4.026452,4.133171,3.533338,3.656852
637,85.75777,Escorting,Player,4.91076,3.760967,3.705822,3.215925,3.293859
637,85.75777,Escorting,Hung,5.231437,4.12393,4.100217,3.540488,3.660769
638,85.97803,Escorting,Player,4.911744,3.758601,3.707979,3.211917,3.296644
638,85.97803,Escorting,Hung,5.23566,4.171157,4.089713,3.548473,3.672148
639,86.19709,Escorting,Player,4.916636,3.75808,3.713291,3.215866,3.299404
639,86.19709,Escorting,Hung,5.221512,4.116899,4.098313,3.565352,3.692868
640,86.41555,Escorting,Player,4.923179,3.759831,3.721465,3.234194,3.302155
640,86.41555,Escorting,Hung,5.25658,4.097889,4.179284,3.576943,3.718829
641,86.6312,Escorting,Player,4.929946,3.762729,3.730591,3.241105,3.304884
641,86.6312,Escorting,Hung,5.22953,4.066309,4.170269,3.591372,3.721958
642,86.85265,Escorting,Player,4.936383,3.764938,3.739701,3.245263,3.307654
642,86.85265,Escorting,Hung,5.309327,4.211771,4.164179,3.605083,3.726568
643,87.07981,Escorting,Player,4.941973,3.763676,3.747549,3.246915,3.310517
643,87.07981,Escorting,Hung,5.25289,4.213158,4.094696,3.62874,3.736381
644,87.31088,Escorting,Player,4.945376,3.760459,3.753656,3.245742,3.313368
644,87.31088,Escorting,Hung,5.330214,4.170946,4.23562,3.637721,3.741943
645,87.53201,Escorting,Player,4.946127,3.755428,3.757203,3.243218,3.31621
645,87.53201,Escorting,Hung,5.298138,4.143093,4.247363,3.644726,3.752693
646,87.75711,Escorting,Player,4.944974,3.74834,3.75788,3.240907,3.319036
646,87.75711,Escorting,Hung,5.340725,4.23204,4.211298,3.651243,3.763635
647,87.97964,Escorting,Player,4.944778,3.741786,3.757056,3.228194,3.32187
647,87.97964,Escorting,Hung,5.344119,4.279215,4.198183,3.656759,3.783307
648,88.20065,Escorting,Player,4.945435,3.73843,3.756397,3.213476,3.324607
648,88.20065,Escorting,Hung,5.327206,4.221751,4.204622,3.670397,3.805118
649,88.42362,Escorting,Player,4.946802,3.739853,3.759043,3.178791,3.327463
649,88.42362,Escorting,Hung,5.359572,4.201516,4.283714,3.680154,3.820568
650,88.65626,Escorting,Player,4.949146,3.747771,3.763211,3.166148,3.330373
650,88.65626,Escorting,Hung,5.337451,4.179905,4.266509,3.692597,3.836315
651,88.88367,Escorting,Player,4.95383,3.760698,3.767441,3.193768,3.333245
651,88.88367,Escorting,Hung,5.405037,4.30955,4.257435,3.698858,3.84814
652,89.112,Escorting,Player,4.959531,3.776848,3.770818,3.227862,3.336131
652,89.112,Escorting,Hung,5.334391,4.283394,4.175968,3.716444,3.863217
653,89.33868,Escorting,Player,4.964524,3.796576,3.771887,3.261992,3.338961
653,89.33868,Escorting,Hung,5.41685,4.253534,4.323725,3.722759,3.874985
654,89.60149,Escorting,Player,4.971633,3.814839,3.775105,3.271404,3.342183
654,89.60149,Escorting,Hung,5.370385,4.204511,4.321668,3.735408,3.852702
655,89.82787,Escorting,Player,4.976703,3.825511,3.776157,3.276696,3.345176
655,89.82787,Escorting,Hung,5.444044,4.349095,4.295653,3.740761,3.858577
656,90.05299,Escorting,Player,4.980411,3.832935,3.776043,3.280589,3.347989
656,90.05299,Escorting,Hung,5.401161,4.362838,4.246891,3.759355,3.912816
657,90.27603,Escorting,Player,4.982827,3.836221,3.775769,3.28481,3.350763
657,90.27603,Escorting,Hung,5.446021,4.295156,4.347816,3.752117,3.879196
658,90.5144,Escorting,Player,4.983922,3.836946,3.775406,3.288601,3.353792
658,90.5144,Escorting,Hung,5.418074,4.265386,4.364254,3.75836,3.857859
659,90.7362,Escorting,Player,4.983501,3.835686,3.775339,3.291668,3.356622
659,90.7362,Escorting,Hung,5.448229,4.333521,4.326445,3.764935,3.865855
660,90.96677,Escorting,Player,4.981662,3.832785,3.775029,3.291871,3.359469
660,90.96677,Escorting,Hung,5.454521,4.385404,4.30861,3.765683,3.851563
661,91.32654,Escorting,Player,4.979458,3.828244,3.775268,3.281851,3.363986
661,91.32654,Escorting,Hung,5.477136,4.314487,4.383814,3.783495,3.841275
662,91.56606,Escorting,Player,4.983016,3.826322,3.779511,3.28,3.366998
662,91.56606,Escorting,Hung,5.471151,4.309103,4.369767,3.77952,3.850718
663,91.80562,Escorting,Player,4.989974,3.827985,3.787729,3.299257,3.370068
663,91.80562,Escorting,Hung,5.431645,4.265742,4.368701,3.787872,3.87759
664,92.03713,Escorting,Player,4.997236,3.830677,3.797322,3.308678,3.372973
664,92.03713,Escorting,Hung,5.495738,4.398657,4.346742,3.791515,3.897159
665,92.28115,Escorting,Player,5.004384,3.833456,3.807465,3.313866,3.375988
665,92.28115,Escorting,Hung,5.439659,4.400706,4.282483,3.809208,3.910268
666,92.52199,Escorting,Player,5.010387,3.832337,3.815888,3.315525,3.378997
666,92.52199,Escorting,Hung,5.496292,4.336953,4.401636,3.80375,3.912448
667,92.76817,Escorting,Player,5.01411,3.829005,3.822479,3.314382,3.382127
667,92.76817,Escorting,Hung,5.44549,4.28552,4.397534,3.806093,3.913077
668,93.01691,Escorting,Player,5.014689,3.823084,3.826163,3.311396,3.385342
668,93.01691,Escorting,Hung,5.501007,4.404175,4.354783,3.799213,3.964651
669,93.27464,Escorting,Player,5.013398,3.814807,3.826323,3.306942,3.388501
669,93.27464,Escorting,Hung,5.450448,4.41267,4.294559,3.815765,3.972551
670,93.5151,Escorting,Player,5.013555,3.808636,3.825142,3.289701,3.391539
670,93.5151,Escorting,Hung,5.497582,4.339705,4.402597,3.804124,3.952621
671,93.75401,Escorting,Player,5.014747,3.807005,3.825816,3.271525,3.394576
671,93.75401,Escorting,Hung,5.449927,4.292356,4.401083,3.804414,3.932815
672,93.98725,Escorting,Player,5.016305,3.811751,3.829777,3.233753,3.39757
672,93.98725,Escorting,Hung,5.491468,4.389606,4.352041,3.79426,3.982313
673,94.21297,Escorting,Player,5.019865,3.822038,3.833981,3.244971,3.400464
673,94.21297,Escorting,Hung,5.468829,4.416361,4.321769,3.791419,3.976941
674,94.43079,Escorting,Player,5.024945,3.835719,3.837792,3.276402,3.403171
674,94.43079,Escorting,Hung,5.457745,4.337081,4.344779,3.78947,3.967868
675,94.65114,Escorting,Player,5.030299,3.853158,3.840214,3.311149,3.405952
675,94.65114,Escorting,Hung,5.461723,4.305958,4.391454,3.782157,3.940623
676,94.87865,Escorting,Player,5.036024,3.872694,3.842084,3.335071,3.408821
676,94.87865,Escorting,Hung,5.435104,4.285801,4.354356,3.783665,3.910563
677,95.0998,Escorting,Player,5.04161,3.886233,3.844284,3.341364,3.411636
677,95.0998,Escorting,Hung,5.481694,4.388121,4.332304,3.776713,3.896713
678,95.32565,Escorting,Player,5.046297,3.896048,3.844841,3.346173,3.41447
678,95.32565,Escorting,Hung,5.396505,4.341554,4.239148,3.776522,3.910269
679,95.55415,Escorting,Player,5.049809,3.902733,3.844761,3.350506,3.41736
679,95.55415,Escorting,Hung,5.466433,4.303117,4.373337,3.772172,3.923978
680,95.78175,Escorting,Player,5.051936,3.905321,3.844383,3.354493,3.420173
680,95.78175,Escorting,Hung,5.404631,4.241218,4.35779,3.764173,3.905536
681,96.01254,Escorting,Player,5.052668,3.90557,3.844071,3.358084,3.423124
681,96.01254,Escorting,Hung,5.465122,4.368322,4.318861,3.763308,3.872124
682,96.24119,Escorting,Player,5.051883,3.903703,3.844046,3.361072,3.425997
682,96.24119,Escorting,Hung,5.421218,4.378124,4.270727,3.761329,3.868229
683,96.46461,Escorting,Player,5.049893,3.900902,3.843561,3.359792,3.428813
683,96.46461,Escorting,Hung,5.43429,4.293737,4.332258,3.747833,3.865084
684,96.70744,Escorting,Player,5.047894,3.89761,3.843284,3.351995,3.431706
684,96.70744,Escorting,Hung,5.411333,4.261241,4.352836,3.746045,3.861865
685,96.94548,Escorting,Player,5.050184,3.89536,3.846564,3.348276,3.434845
685,96.94548,Escorting,Hung,5.42048,4.305816,4.298646,3.737146,3.857018
686,97.17899,Escorting,Player,5.056316,3.896024,3.853429,3.361407,3.437788
686,97.17899,Escorting,Hung,5.414915,4.347401,4.26901,3.72658,3.850097
687,97.413,Escorting,Player,5.06363,3.898269,3.862859,3.375341,3.440756
687,97.413,Escorting,Hung,5.386467,4.275783,4.267459,3.725647,3.846234
688,97.64919,Escorting,Player,5.070776,3.901552,3.872961,3.381293,3.443735
688,97.64919,Escorting,Hung,5.39581,4.240042,4.325534,3.716245,3.842699
689,97.87947,Escorting,Player,5.077058,3.901927,3.881732,3.38411,3.44663
689,97.87947,Escorting,Hung,5.36797,4.219735,4.285845,3.715555,3.839252
690,98.11643,Escorting,Player,5.081724,3.899445,3.888794,3.383884,3.449617
690,98.11643,Escorting,Hung,5.411064,4.319875,4.261744,3.709348,3.835705
691,98.47388,Escorting,Player,5.083349,3.891568,3.894896,3.379977,3.454118
691,98.47388,Escorting,Hung,5.393211,4.247723,4.293113,3.702937,3.830355
692,98.70169,Escorting,Player,5.082228,3.884328,3.895184,3.376855,3.456985
692,98.70169,Escorting,Hung,5.399012,4.233491,4.288938,3.704372,3.827516
693,98.93092,Escorting,Player,5.082269,3.878073,3.894158,3.361472,3.459893
693,98.93092,Escorting,Hung,5.354148,4.192766,4.297481,3.705851,3.824085
694,99.15981,Escorting,Player,5.083206,3.875633,3.894163,3.347132,3.462757
694,99.15981,Escorting,Hung,5.389674,4.281175,4.255224,3.696016,3.820658
695,99.39241,Escorting,Player,5.084548,3.878999,3.897642,3.305433,3.465657
695,99.39241,Escorting,Hung,5.373563,4.31331,4.227176,3.688854,3.817177
696,99.6307,Escorting,Player,5.087785,3.888799,3.90194,3.30946,3.468627
696,99.6307,Escorting,Hung,5.361926,4.239608,4.2497,3.692408,3.81361
697,99.85896,Escorting,Player,5.093079,3.902936,3.906129,3.341856,3.47159
697,99.85896,Escorting,Hung,5.367858,4.213074,4.299869,3.688441,3.810193
698,100.097,Escorting,Player,5.153663,3.967535,3.935524,3.423674,3.471882
698,100.097,Escorting,Hung,5.352884,4.21269,4.260022,3.692554,3.806631
699,100.3263,Escorting,Player,5.115482,3.967246,3.935421,3.423356,3.471882
699,100.3263,Escorting,Hung,5.392193,4.302342,4.243696,3.692247,3.803198
700,100.5599,Escorting,Player,5.115503,3.966778,3.93539,3.422765,3.471882
700,100.5599,Escorting,Hung,5.419679,4.29096,4.257592,3.690659,3.800755
701,100.7895,Escorting,Player,5.115724,3.965887,3.93559,3.421733,3.471882
701,100.7895,Escorting,Hung,5.451658,4.278826,4.285161,3.706482,3.800755
702,101.0105,Escorting,Player,5.06767,3.955618,3.905457,3.40635,3.474735
702,101.0105,Escorting,Hung,5.427168,4.250008,4.265595,3.703933,3.800755
703,101.2423,Escorting,Player,5.110072,3.962831,3.905335,3.410474,3.477627
703,101.2423,Escorting,Hung,5.423598,4.241657,4.257483,3.701471,3.800755
704,101.4683,Escorting,Player,5.112411,3.965806,3.905071,3.414688,3.480499
704,101.4683,Escorting,Hung,5.411466,4.232624,4.239117,3.657033,3.80043
705,101.6912,Escorting,Player,5.113262,3.966249,3.904711,3.418169,3.483304
705,101.6912,Escorting,Hung,5.415913,4.267213,4.2594,3.704826,3.797094
706,101.9192,Escorting,Player,5.11268,3.964728,3.904638,3.42126,3.486172
706,101.9192,Escorting,Hung,5.411463,4.250386,4.302102,3.707936,3.79818
707,102.1445,Escorting,Player,5.110848,3.961936,3.904314,3.420989,3.489014
707,102.1445,Escorting,Hung,5.383055,4.230732,4.313915,3.709144,3.80912
708,102.371,Escorting,Player,5.108766,3.958966,3.903832,3.413911,3.491877
708,102.371,Escorting,Hung,5.373322,4.233615,4.277237,3.710326,3.820121
709,102.5979,Escorting,Player,5.109839,3.956527,3.906093,3.409776,3.494731
709,102.5979,Escorting,Hung,5.415856,4.324741,4.266777,3.714865,3.831142
710,102.8264,Escorting,Player,5.115095,3.95618,3.911811,3.415377,3.497603
710,102.8264,Escorting,Hung,5.352046,4.283042,4.20135,3.723342,3.842512
711,103.0548,Escorting,Player,5.12202,3.958076,3.920548,3.43347,3.500486
711,103.0548,Escorting,Hung,5.422703,4.26133,4.332478,3.732966,3.859782
712,103.2814,Escorting,Player,5.129052,3.961244,3.930212,3.440056,3.503352
712,103.2814,Escorting,Hung,5.376802,4.211024,4.328649,3.741693,3.876907
713,103.5059,Escorting,Player,5.135494,3.962983,3.939273,3.443693,3.506175
713,103.5059,Escorting,Hung,5.450766,4.355632,4.302595,3.747827,3.888524
714,103.7293,Escorting,Player,5.140722,3.961317,3.946667,3.444744,3.509003
714,103.7293,Escorting,Hung,5.413406,4.373759,4.260488,3.765151,3.835458
715,103.9527,Escorting,Player,5.143701,3.957998,3.95236,3.443609,3.51182
715,103.9527,Escorting,Hung,5.453783,4.306509,4.354333,3.762292,3.817833
716,104.176,Escorting,Player,5.144004,3.952479,3.955443,3.440748,3.514604
716,104.176,Escorting,Hung,5.443631,4.29444,4.383424,3.777184,3.824791
717,104.4008,Escorting,Player,5.14291,3.945384,3.955869,3.438021,3.517474
717,104.4008,Escorting,Hung,5.455851,4.330657,4.345725,3.78198,3.846195
718,104.6236,Escorting,Player,5.142819,3.939061,3.95487,3.423707,3.520247
718,104.6236,Escorting,Hung,5.485226,4.401832,4.338293,3.790019,3.875047
719,104.8474,Escorting,Player,5.143685,3.936302,3.954624,3.411037,3.523082
719,104.8474,Escorting,Hung,5.443619,4.360394,4.303365,3.804668,3.904043
720,105.0704,Escorting,Player,5.145007,3.938707,3.957706,3.370503,3.525915
720,105.0704,Escorting,Hung,5.504521,4.343486,4.419674,3.820957,3.932962
721,105.4284,Escorting,Player,5.150259,3.954437,3.964225,3.381855,3.530385
721,105.4284,Escorting,Hung,5.520705,4.40927,4.395126,3.83436,3.979378
722,105.6512,Escorting,Player,5.15571,3.969089,3.96794,3.414327,3.533187
722,105.6512,Escorting,Hung,5.530339,4.461524,4.38443,3.841592,4.0035
723,105.8722,Escorting,Player,5.160941,3.987529,3.969872,3.449231,3.536019
723,105.8722,Escorting,Hung,5.511149,4.410571,4.384936,3.858145,4.016272
724,106.0992,Escorting,Player,5.166902,4.005879,3.972105,3.466284,3.538851
724,106.0992,Escorting,Hung,5.54997,4.391514,4.473208,3.870419,4.026346
725,106.3162,Escorting,Player,5.172122,4.01818,3.973862,3.471979,3.541614
725,106.3162,Escorting,Hung,5.523915,4.361275,4.463067,3.884958,4.035972
726,106.5354,Escorting,Player,5.176454,4.027092,3.974121,3.476319,3.544382
726,106.5354,Escorting,Hung,5.603494,4.50582,4.45867,3.899313,4.045697
727,106.778,Escorting,Player,5.179804,4.033017,3.973979,3.480906,3.547404
727,106.778,Escorting,Hung,5.541454,4.49641,4.38233,3.925858,4.037021
728,106.9998,Escorting,Player,5.181599,4.034912,3.973652,3.484789,3.550231
728,106.9998,Escorting,Hung,5.624013,4.462864,4.530105,3.930823,4.026031
729,107.2167,Escorting,Player,5.181911,4.034692,3.973319,3.487892,3.552938
729,107.2167,Escorting,Hung,5.593067,4.436986,4.543275,3.942688,4.027448
730,107.4314,Escorting,Player,5.181014,4.03266,3.97336,3.49068,3.555666
730,107.4314,Escorting,Hung,5.636682,4.526605,4.509365,3.948928,4.037151
731,107.6527,Escorting,Player,5.178882,4.029817,3.972715,3.488468,3.558428
731,107.6527,Escorting,Hung,5.644179,4.576294,4.498274,3.955722,4.047158
732,107.8661,Escorting,Player,5.177382,4.027138,3.972749,3.48156,3.561149
732,107.8661,Escorting,Hung,5.621474,4.524792,4.492469,3.971628,4.056804
733,108.0843,Escorting,Player,5.179075,4.024868,3.97541,3.477844,3.563864
733,108.0843,Escorting,Hung,5.668325,4.508271,4.587695,3.987844,4.066666
734,108.301,Escorting,Player,5.184511,4.025081,3.981346,3.486521,3.566642
734,108.301,Escorting,Hung,5.634376,4.469438,4.579992,3.998328,4.076461
735,108.5252,Escorting,Player,5.191313,4.026936,3.99003,3.50293,3.569393
735,108.5252,Escorting,Hung,5.715618,4.619254,4.568599,4.011147,4.086599
736,108.7416,Escorting,Player,5.198055,4.030083,3.999353,3.509033,3.572194
736,108.7416,Escorting,Hung,5.671308,4.63349,4.515945,4.034486,4.096379
737,108.9548,Escorting,Player,5.204185,4.031713,4.007949,3.512404,3.574886
737,108.9548,Escorting,Hung,5.722548,4.573926,4.623554,4.030046,4.106017
738,109.1741,Escorting,Player,5.209323,4.030083,4.01521,3.513481,3.577641
738,109.1741,Escorting,Hung,5.711778,4.562536,4.651597,4.04517,4.115927
739,109.3924,Escorting,Player,5.212322,4.026903,4.020843,3.512435,3.58039
739,109.3924,Escorting,Hung,5.720054,4.591258,4.613945,4.049406,4.125797
740,109.6135,Escorting,Player,5.212749,4.021562,4.024042,3.509656,3.583131
740,109.6135,Escorting,Hung,5.753791,4.667241,4.606353,4.056497,4.134455
741,109.8324,Escorting,Player,5.211678,4.014693,4.024612,3.507346,3.585944
741,109.8324,Escorting,Hung,5.702796,4.628325,4.555809,4.070298,4.141265
742,110.0577,Escorting,Player,5.211458,4.008088,4.023633,3.493701,3.588715
742,110.0577,Escorting,Hung,5.770267,4.609055,4.681643,4.082626,4.150726
743,110.2772,Escorting,Player,5.212288,4.005118,4.023234,3.480007,3.591552
743,110.2772,Escorting,Hung,5.726357,4.56063,4.678404,4.091174,4.176466
744,110.5025,Escorting,Player,5.213578,4.006913,4.026037,3.442333,3.594357
744,110.5025,Escorting,Hung,5.80069,4.705532,4.652548,4.097774,4.190219
745,110.7338,Escorting,Player,5.216139,4.015213,4.030241,3.4338,3.597311
745,110.7338,Escorting,Hung,5.757865,4.719314,4.603879,4.114713,4.19397
746,110.9577,Escorting,Player,5.22085,4.028164,4.034387,3.462095,3.600137
746,110.9577,Escorting,Hung,5.801589,4.65137,4.703158,4.108064,4.195922
747,111.1854,Escorting,Player,5.226498,4.044446,4.037636,3.4963,3.602979
747,111.1854,Escorting,Hung,5.776914,4.626184,4.719482,4.112408,4.197907
748,111.4091,Escorting,Player,5.231418,4.063972,4.038637,3.529075,3.605801
748,111.4091,Escorting,Hung,5.79552,4.675939,4.679198,4.11663,4.199858
749,111.6291,Escorting,Player,5.23764,4.079669,4.041668,3.537262,3.608597
749,111.6291,Escorting,Hung,5.812754,4.732728,4.666224,4.119504,4.201776
750,111.8471,Escorting,Player,5.24254,4.090441,4.042822,3.542531,3.611338
750,111.8471,Escorting,Hung,5.765147,4.680862,4.62595,4.125377,4.203677
751,112.201,Escorting,Player,5.248227,4.101335,4.04274,3.549143,3.615793
751,112.201,Escorting,Hung,5.791157,4.637948,4.738213,4.132991,4.206762
752,112.4262,Escorting,Player,5.250176,4.103528,4.042386,3.553092,3.618629
752,112.4262,Escorting,Hung,5.817878,4.705896,4.692962,4.132068,4.208726
753,112.6506,Escorting,Player,5.250668,4.103499,4.042072,3.556457,3.621466
753,112.6506,Escorting,Hung,5.817047,4.748071,4.671137,4.128252,4.210682
754,112.8746,Escorting,Player,5.249776,4.101464,4.042074,3.559324,3.62429
754,112.8746,Escorting,Hung,5.785844,4.683512,4.660923,4.131453,4.212636
755,113.1003,Escorting,Player,5.247628,4.098571,4.041443,3.557251,3.627107
755,113.1003,Escorting,Hung,5.809432,4.651121,4.732997,4.129931,4.209659
756,113.321,Escorting,Player,5.246084,4.095788,4.041481,3.550162,3.62991
756,113.321,Escorting,Hung,5.771661,4.609925,4.708397,4.131406,4.204186
757,113.5424,Escorting,Player,5.247965,4.093553,4.044315,3.546496,3.632716
757,113.5424,Escorting,Hung,5.833965,4.735964,4.690073,4.129862,4.198694
758,113.7754,Escorting,Player,5.253868,4.093922,4.050859,3.557735,3.635607
758,113.7754,Escorting,Hung,5.757068,4.71299,4.597949,4.141717,4.199459
759,113.9992,Escorting,Player,5.260852,4.095991,4.0598,3.572551,3.638479
759,113.9992,Escorting,Hung,5.82265,4.661629,4.728692,4.129502,4.199934
760,114.2317,Escorting,Player,5.267884,4.099211,4.069711,3.578649,3.641359
760,114.2317,Escorting,Hung,5.769258,4.610224,4.721047,4.128659,4.198906
761,114.4586,Escorting,Player,5.274277,4.100208,4.078619,3.581764,3.644262
761,114.4586,Escorting,Hung,5.811245,4.709112,4.672119,4.114247,4.197903
762,114.683,Escorting,Player,5.279081,4.098117,4.085612,3.581914,3.647096
762,114.683,Escorting,Hung,5.78483,4.731236,4.637918,4.106137,4.197215
763,114.9085,Escorting,Player,5.281453,4.094302,4.090824,3.580349,3.649936
763,114.9085,Escorting,Hung,5.771219,4.647906,4.659709,4.10101,4.196874
764,115.135,Escorting,Player,5.281107,4.088036,4.093154,3.577372,3.652764
764,115.135,Escorting,Hung,5.768235,4.613405,4.700117,4.088771,4.195401
765,115.3609,Escorting,Player,5.280213,4.080922,4.093078,3.572459,3.655649
765,115.3609,Escorting,Hung,5.739822,4.593649,4.654933,4.085416,4.180899
766,115.5821,Escorting,Player,5.280366,4.075366,4.091918,3.556154,3.658394
766,115.5821,Escorting,Hung,5.77865,4.68605,4.628936,4.074862,4.166696
767,115.7994,Escorting,Player,5.28146,4.073759,4.092474,3.541119,3.661181
767,115.7994,Escorting,Hung,5.689515,4.635794,4.531779,4.070191,4.152747
768,116.0219,Escorting,Player,5.28276,4.077585,4.096014,3.50208,3.663941
768,116.0219,Escorting,Hung,5.755574,4.592216,4.662452,4.061431,4.138462
769,116.2461,Escorting,Player,5.285973,4.087089,4.100125,3.507928,3.666794
769,116.2461,Escorting,Hung,5.694612,4.53331,4.647173,4.053399,4.124064
770,116.4632,Escorting,Player,5.29092,4.100442,4.104042,3.53871,3.669536
770,116.4632,Escorting,Hung,5.737962,4.636374,4.598158,4.040487,4.110127
771,116.6845,Escorting,Player,5.296337,4.117322,4.106723,3.573015,3.672291
771,116.6845,Escorting,Hung,5.705846,4.652164,4.558972,4.027006,4.095921
772,116.9074,Escorting,Player,5.301046,4.136333,4.10749,3.599676,3.675101
772,116.9074,Escorting,Hung,5.686132,4.564341,4.573824,4.017038,4.081613
773,117.1323,Escorting,Player,5.307592,4.151335,4.110772,3.607377,3.677943
773,117.1323,Escorting,Hung,5.679571,4.524427,4.610794,3.999985,4.067175
774,117.3588,Escorting,Player,5.312424,4.161592,4.111534,3.612383,3.680778
774,117.3588,Escorting,Hung,5.64625,4.499063,4.56275,3.992852,4.052629
775,117.5914,Escorting,Player,5.316188,4.168932,4.111476,3.616565,3.683744
775,117.5914,Escorting,Hung,5.680566,4.589112,4.531103,3.97844,4.037696
776,117.8222,Escorting,Player,5.318541,4.171936,4.111176,3.62085,3.686645
776,117.8222,Escorting,Hung,5.594516,4.527792,4.442515,3.967376,4.022883
777,118.0481,Escorting,Player,5.319383,4.172355,4.11082,3.624383,3.689497
777,118.0481,Escorting,Hung,5.647608,4.485869,4.555963,3.955863,4.008378
778,118.2718,Escorting,Player,5.318813,4.170849,4.110781,3.627425,3.692335
778,118.2718,Escorting,Hung,5.580468,4.415303,4.533464,3.943923,3.994015
779,118.4965,Escorting,Player,5.316964,4.168049,4.110436,3.627099,3.695154
779,118.4965,Escorting,Hung,5.631783,4.535854,4.484509,3.9294,3.97959
780,118.7281,Escorting,Player,5.314873,4.165021,4.109983,3.619865,3.698083
780,118.7281,Escorting,Hung,5.573484,4.533118,4.421142,3.922277,3.964721
781,119.0849,Escorting,Player,5.318653,4.161817,4.115158,3.615634,3.702561
781,119.0849,Escorting,Hung,5.573733,4.413488,4.492554,3.892977,3.941813
782,119.3276,Escorting,Player,5.325689,4.163499,4.123522,3.635287,3.70562
782,119.3276,Escorting,Hung,5.516349,4.355343,4.451175,3.87501,3.926233
783,119.5547,Escorting,Player,5.332858,4.166233,4.132998,3.644267,3.708514
783,119.5547,Escorting,Hung,5.565173,4.467876,4.420313,3.860508,3.911654
784,119.7849,Escorting,Player,5.339653,4.168938,4.142635,3.649427,3.711405
784,119.7849,Escorting,Hung,5.473451,4.426735,4.314403,3.85732,3.896873
785,120.0141,Escorting,Player,5.345504,4.168091,4.150818,3.651115,3.714301
785,120.0141,Escorting,Hung,5.529023,4.366253,4.435753,3.835344,3.88216
786,120.243,Escorting,Player,5.349282,4.165216,4.157157,3.650113,3.717187
786,120.243,Escorting,Hung,5.464897,4.304192,4.417283,3.824369,3.867464
787,120.4744,Escorting,Player,5.350234,4.160082,4.161057,3.647529,3.720001
787,120.4744,Escorting,Hung,5.507078,4.407754,4.364079,3.807383,3.852611
788,120.7297,Escorting,Player,5.358772,4.16188,4.1717,3.654517,3.732984
788,120.7297,Escorting,Hung,5.451078,4.411105,4.298427,3.801437,3.83622
789,120.9563,Escorting,Player,5.368783,4.165462,4.180972,3.651183,3.74602
789,120.9563,Escorting,Hung,5.468469,4.320312,4.36933,3.776307,3.82167
790,121.1816,Escorting,Player,5.379359,4.172145,4.190303,3.646999,3.758648
790,121.1816,Escorting,Hung,5.430866,4.281331,4.371535,3.765098,3.807206
791,121.4146,Escorting,Player,5.390874,4.184434,4.203485,3.617516,3.771734
791,121.4146,Escorting,Hung,5.429685,4.31138,4.311897,3.749604,3.792246
792,121.6476,Escorting,Player,5.403706,4.203193,4.217832,3.622049,3.784818
792,121.6476,Escorting,Hung,5.423671,4.351499,4.277688,3.73389,3.777294
793,121.8774,Escorting,Player,5.418848,4.226924,4.232252,3.662339,3.79791
793,121.8774,Escorting,Hung,5.379522,4.277253,4.254551,3.72518,3.762536
794,122.1106,Escorting,Player,5.435005,4.254461,4.245773,3.708241,3.811216
794,122.1106,Escorting,Hung,5.392983,4.234538,4.315619,3.713092,3.747816
795,122.3409,Escorting,Player,5.449955,4.284391,4.256639,3.748294,3.824123
795,122.3409,Escorting,Hung,5.345777,4.184031,4.280898,3.704201,3.733192
796,122.5846,Escorting,Player,5.466837,4.310641,4.269983,3.766625,3.837166
796,122.5846,Escorting,Hung,5.396894,4.298846,4.250866,3.691328,3.720001
797,122.8201,Escorting,Player,5.482846,4.332232,4.281747,3.782779,3.851132
797,122.8201,Escorting,Hung,5.309309,4.26013,4.150444,3.691961,3.720001
798,123.0627,Escorting,Player,5.497309,4.350204,4.292321,3.797968,3.86486
798,123.0627,Escorting,Hung,5.36878,4.205469,4.275592,3.674505,3.720001
799,123.3024,Escorting,Player,5.510118,4.363497,4.302505,3.812759,3.878403
799,123.3024,Escorting,Hung,5.304263,4.139253,4.257323,3.667229,3.720001
800,123.5464,Escorting,Player,5.521368,4.374213,4.312772,3.827097,3.892101
800,123.5464,Escorting,Hung,5.362844,4.267902,4.214398,3.659233,3.720001
801,123.7837,Escorting,Player,5.530853,4.382491,4.323209,3.840543,3.905532
801,123.7837,Escorting,Hung,5.296624,4.25866,4.140062,3.664617,3.720001
802,124.0212,Escorting,Player,5.539043,4.38992,4.332996,3.848362,3.91902
802,124.0212,Escorting,Hung,5.344038,4.185922,4.249135,3.650872,3.720001
803,124.2589,Escorting,Player,5.547972,4.397209,4.343603,3.851152,3.932222
803,124.2589,Escorting,Hung,5.291237,4.133766,4.24234,3.645381,3.720001
804,124.4929,Escorting,Player,5.561266,4.405519,4.357704,3.858624,3.945653
804,124.4929,Escorting,Hung,5.330163,4.227961,4.191198,3.633282,3.720001
805,124.7303,Escorting,Player,5.578216,4.417094,4.375645,3.885826,3.95902
805,124.7303,Escorting,Hung,5.303022,4.253945,4.15526,3.630383,3.720001
806,124.9646,Escorting,Player,5.595881,4.42987,4.395542,3.907514,3.972284
806,124.9646,Escorting,Hung,5.307159,4.171708,4.202709,3.625609,3.720001
807,125.2003,Escorting,Player,5.613307,4.443337,4.415915,3.923471,3.985623
807,125.2003,Escorting,Hung,5.299319,4.148985,4.237967,3.629832,3.720001
808,125.4359,Escorting,Player,5.629831,4.453312,4.434902,3.936006,3.998916
808,125.4359,Escorting,Hung,5.298571,4.174157,4.187604,3.624022,3.720001
809,125.6777,Escorting,Player,5.644627,4.46099,4.452302,3.945734,4.012509
809,125.6777,Escorting,Hung,5.313894,4.23987,4.167815,3.623415,3.720001
810,125.9188,Escorting,Player,5.656369,4.466371,4.46712,3.953728,4.026052
810,125.9188,Escorting,Hung,5.286626,4.179522,4.165152,3.628536,3.727781
811,126.2809,Escorting,Player,5.670644,4.470774,4.483441,3.961682,4.046345
811,126.2809,Escorting,Hung,5.284853,4.1235,4.23738,3.643553,3.746088
812,126.5168,Escorting,Player,5.68155,4.475935,4.49284,3.954513,4.059924
812,126.5168,Escorting,Hung,5.347209,4.24907,4.202472,3.646322,3.758009
813,126.7551,Escorting,Player,5.693231,4.485518,4.504516,3.943383,4.073302
813,126.7551,Escorting,Hung,5.322126,4.279025,4.171503,3.662582,3.770056
814,126.9939,Escorting,Player,5.756771,4.570713,4.539134,4.026745,4.074759
814,126.9939,Escorting,Hung,5.358037,4.209922,4.258711,3.665845,3.782121
815,127.2229,Escorting,Player,5.718777,4.570795,4.53896,4.026722,4.074759
815,127.2229,Escorting,Hung,5.34935,4.199465,4.290101,3.68363,3.793688
816,127.4463,Escorting,Player,5.718652,4.570773,4.538757,4.026803,4.074759
816,127.4463,Escorting,Hung,5.38627,4.211327,4.272821,3.682111,3.801759
817,127.6757,Escorting,Player,5.718565,4.570677,4.538574,4.026791,4.074759
817,127.6757,Escorting,Hung,5.439616,4.259609,4.278719,3.70761,3.801759
818,127.9,Escorting,Player,5.718462,4.570477,4.53843,4.026622,4.074759
818,127.9,Escorting,Hung,5.417314,4.237303,4.248926,3.704965,3.801759
819,128.121,Escorting,Player,5.718377,4.570206,4.538329,4.026352,4.074759
819,128.121,Escorting,Hung,5.413877,4.23339,4.241029,3.702663,3.801759
820,128.3424,Escorting,Player,5.718316,4.569926,4.538226,4.025949,4.074759
820,128.3424,Escorting,Hung,5.41685,4.235849,4.240407,3.701873,3.801759
821,128.5681,Escorting,Player,5.718514,4.569103,4.538383,4.02502,4.074759
821,128.5681,Escorting,Hung,5.421527,4.240453,4.241328,3.701293,3.801759
822,128.7918,Escorting,Player,5.718732,4.568297,4.538576,4.024102,4.074759
822,128.7918,Escorting,Hung,5.428331,4.247424,4.243349,3.700561,3.801759
823,129.0179,Escorting,Player,5.718881,4.56775,4.53884,4.023393,4.074759
823,129.0179,Escorting,Hung,5.43152,4.253221,4.243111,3.701051,3.801759
824,129.2393,Escorting,Player,5.718907,4.567691,4.539186,4.023109,4.074759
824,129.2393,Escorting,Hung,5.429131,4.254146,4.240124,3.701698,3.801759
825,129.4699,Escorting,Player,5.718817,4.567837,4.539587,4.023051,4.074759
825,129.4699,Escorting,Hung,5.422579,4.24992,4.236454,3.703033,3.801759
826,129.6915,Escorting,Player,5.721921,4.568007,4.539953,4.023336,4.074759
826,129.6915,Escorting,Hung,5.411613,4.242527,4.230182,3.703536,3.801759
827,129.9052,Escorting,Player,5.7241,4.568107,4.540239,4.023619,4.074759
827,129.9052,Escorting,Hung,5.408705,4.239622,4.22895,3.702105,3.801759
828,130.1183,Escorting,Player,5.726588,4.568111,4.540456,4.023808,4.074759
828,130.1183,Escorting,Hung,5.414268,4.241971,4.233066,3.701205,3.801759
829,130.3309,Escorting,Player,5.732539,4.568032,4.540617,4.023854,4.074759
829,130.3309,Escorting,Hung,5.422153,4.245902,4.239216,3.701178,3.801759
830,130.5479,Escorting,Player,5.733442,4.567899,4.540725,4.023916,4.074759
830,130.5479,Escorting,Hung,5.427314,4.248092,4.243493,3.700501,3.801759
831,130.7565,Escorting,Player,5.740052,4.567774,4.540888,4.024231,4.074759
831,130.7565,Escorting,Hung,5.433404,4.250927,4.248953,3.700955,3.801759
832,130.9662,Escorting,Player,5.747259,4.56754,4.540995,4.024168,4.074759
832,130.9662,Escorting,Hung,5.435072,4.249899,4.251135,3.700386,3.801759
833,131.1776,Escorting,Player,5.747322,4.567035,4.541157,4.024245,4.074759
833,131.1776,Escorting,Hung,5.437625,4.250237,4.255404,3.700518,3.801759
834,131.3893,Escorting,Player,5.744407,4.566422,4.541251,4.023484,4.074759
834,131.3893,Escorting,Hung,5.435419,4.247154,4.256976,3.701384,3.801759
835,131.5977,Escorting,Player,5.726119,4.5657,4.54126,4.022595,4.074759
835,131.5977,Escorting,Hung,5.429752,4.243016,4.256913,3.70165,3.801759
836,131.809,Escorting,Player,5.720996,4.56514,4.541165,4.022067,4.074759
836,131.809,Escorting,Hung,5.41956,4.23665,4.254738,3.703085,3.801759
837,132.0265,Escorting,Player,5.719413,4.564742,4.541084,4.021629,4.074759
837,132.0265,Escorting,Hung,5.412511,4.232378,4.252168,3.702536,3.801759
838,132.2412,Escorting,Player,5.716337,4.564754,4.541005,4.021523,4.074759
838,132.2412,Escorting,Hung,5.416126,4.234106,4.251906,3.701065,3.801759
839,132.4528,Escorting,Player,5.717093,4.565487,4.540973,4.021876,4.074759
839,132.4528,Escorting,Hung,5.424989,4.240345,4.254162,3.700989,3.801759
840,132.6676,Escorting,Player,5.717819,4.566494,4.540967,4.022131,4.074759
840,132.6676,Escorting,Hung,5.431232,4.245485,4.254232,3.700443,3.801759
841,133.0177,Escorting,Player,5.718879,4.567752,4.541244,4.02264,4.074759
841,133.0177,Escorting,Hung,5.433538,4.250482,4.249413,3.700585,3.801759
842,133.2317,Escorting,Player,5.719318,4.568135,4.541344,4.023612,4.074759
842,133.2317,Escorting,Hung,5.436621,4.255656,4.249524,3.70043,3.801759
843,133.4773,Escorting,Player,5.719574,4.568574,4.541246,4.024482,4.074759
843,133.4773,Escorting,Hung,5.4356,4.257075,4.248173,3.701147,3.801759
844,133.697,Escorting,Player,5.719584,4.568912,4.541022,4.024743,4.074759
844,133.697,Escorting,Hung,5.430287,4.253782,4.245088,3.701602,3.801759
845,133.9231,Escorting,Player,5.719526,4.569215,4.540744,4.02465,4.074759
845,133.9231,Escorting,Hung,5.424417,4.249915,4.241825,3.702545,3.801759
846,134.1381,Escorting,Player,5.719583,4.569609,4.540606,4.024977,4.074759
846,134.1381,Escorting,Hung,5.417815,4.246337,4.237809,3.702392,3.801759
847,134.3485,Escorting,Player,5.673031,4.510983,4.523875,4.001568,4.086932
847,134.3485,Escorting,Hung,5.416468,4.246285,4.237877,3.701733,3.801759
848,134.5738,Escorting,Player,5.721304,4.515719,4.532606,3.994411,4.099662
848,134.5738,Escorting,Hung,5.419292,4.2477,4.23957,3.701836,3.801759
849,134.8003,Escorting,Player,5.73238,4.524638,4.543567,3.985047,4.112362
849,134.8003,Escorting,Hung,5.420525,4.242682,4.244732,3.694618,3.804572
850,135.0269,Escorting,Player,5.743826,4.539682,4.557418,3.960523,4.125126
850,135.0269,Escorting,Hung,5.422233,4.25299,4.287258,3.719497,3.824433
851,135.2579,Escorting,Player,5.7577,4.560712,4.571766,3.985487,4.138108
851,135.2579,Escorting,Hung,5.410032,4.246472,4.341715,3.74945,3.852419
852,135.4931,Escorting,Player,5.773622,4.586148,4.586057,4.029983,4.15133
852,135.4931,Escorting,Hung,5.457228,4.340045,4.329999,3.769259,3.88092
853,135.7322,Escorting,Player,5.790086,4.616672,4.599018,4.078372,4.165164
853,135.7322,Escorting,Hung,5.483407,4.411544,4.337033,3.793407,3.909896
854,135.9492,Escorting,Player,5.80156,4.640134,4.60691,4.100889,4.173646
854,135.9492,Escorting,Hung,5.472543,4.37841,4.340996,3.824708,3.936191
855,136.1673,Escorting,Player,5.812306,4.658141,4.614202,4.112144,4.181882
855,136.1673,Escorting,Hung,5.53736,4.376744,4.454921,3.855908,3.962605
856,136.3851,Escorting,Player,5.822145,4.672596,4.619997,4.122001,4.19012
856,136.3851,Escorting,Hung,5.519006,4.3535,4.466523,3.883542,3.988737
857,136.6028,Escorting,Player,5.830778,4.683848,4.625392,4.13165,4.198338
857,136.6028,Escorting,Hung,5.617341,4.522346,4.468922,3.913566,4.014631
858,136.8239,Escorting,Player,5.838214,4.691581,4.630508,4.140994,4.206582
858,136.8239,Escorting,Hung,5.597863,4.559374,4.443803,3.955062,4.040751
859,137.0513,Escorting,Player,5.844554,4.69741,4.635956,4.150224,4.21523
859,137.0513,Escorting,Hung,5.666241,4.514659,4.568436,3.971754,4.067432
860,137.265,Escorting,Player,5.849174,4.700983,4.641346,4.15839,4.223319
860,137.265,Escorting,Hung,5.669681,4.520623,4.609726,4.003595,4.092652
861,137.4748,Escorting,Player,5.852509,4.703548,4.646101,4.162516,4.231144
861,137.4748,Escorting,Hung,5.692313,4.560135,4.58995,4.024634,4.118573
862,137.6874,Escorting,Player,5.856086,4.706236,4.651196,4.161082,4.239294
862,137.6874,Escorting,Hung,5.750732,4.660674,4.602114,4.050544,4.144802
863,137.905,Escorting,Player,5.862437,4.709199,4.658682,4.162479,4.247333
863,137.905,Escorting,Hung,5.705439,4.6403,4.552526,4.07934,4.17
864,138.1201,Escorting,Player,5.872868,4.714309,4.669523,4.172108,4.255633
864,138.1201,Escorting,Hung,5.797836,4.634821,4.704835,4.103841,4.188641
865,138.3408,Escorting,Player,5.884997,4.721596,4.683304,4.196061,4.263928
865,138.3408,Escorting,Hung,5.76589,4.602829,4.718968,4.124975,4.216645
866,138.5643,Escorting,Player,5.897594,4.730221,4.698375,4.208695,4.272355
866,138.5643,Escorting,Hung,5.851983,4.753657,4.707628,4.151355,4.244874
867,138.7979,Escorting,Player,5.910143,4.738131,4.713714,4.218549,4.281085
867,138.7979,Escorting,Hung,5.838675,4.794364,4.68891,4.175485,4.274246
868,139.0248,Escorting,Player,5.92141,4.742447,4.727201,4.225799,4.289791
868,139.0248,Escorting,Hung,5.874598,4.734251,4.772477,4.188327,4.294315
869,139.2439,Escorting,Player,5.929971,4.74478,4.738382,4.2302,4.298001
869,139.2439,Escorting,Hung,5.88097,4.729579,4.8185,4.208985,4.310928
870,139.4685,Escorting,Player,5.936212,4.745155,4.747448,4.233184,4.306513
870,139.4685,Escorting,Hung,5.888263,4.754278,4.787944,4.222188,4.32191
871,139.8101,Escorting,Player,5.943441,4.742983,4.756157,4.233143,4.319408
871,139.8101,Escorting,Hung,5.909162,4.862597,4.760546,4.24109,4.318859
872,140.0383,Escorting,Player,5.949516,4.743701,4.760728,4.22151,4.328007
872,140.0383,Escorting,Hung,5.921558,4.874995,4.772943,4.253488,4.318125
873,140.2559,Escorting,Player,5.956172,4.748438,4.767393,4.207887,4.336188
873,140.2559,Escorting,Hung,5.928278,4.881714,4.779662,4.260207,4.318859
874,140.4841,Escorting,Player,5.963406,4.759432,4.777044,4.179885,4.344718
874,140.4841,Escorting,Hung,5.960773,4.835449,4.85086,4.287076,4.320442
875,140.7174,Escorting,Player,5.969674,4.773036,4.783715,4.198605,4.35
875,140.7174,Escorting,Hung,5.961702,4.882775,4.815279,4.269026,4.322802
876,140.9474,Escorting,Player,5.970518,4.783229,4.782908,4.227377,4.348175
876,140.9474,Escorting,Hung,5.923697,4.830071,4.792457,4.276364,4.325767
877,141.1748,Escorting,Player,5.971033,4.797112,4.780106,4.258349,4.346183
877,141.1748,Escorting,Hung,5.962135,4.802536,4.882697,4.28207,4.329019
878,141.3942,Escorting,Player,5.972094,4.810457,4.77752,4.271391,4.344253
878,141.3942,Escorting,Hung,5.91855,4.754618,4.861255,4.281309,4.33204
879,141.616,Escorting,Player,5.972724,4.81852,4.774648,4.272559,4.342315
879,141.616,Escorting,Hung,5.987348,4.890294,4.841377,4.282966,4.335149
880,141.8363,Escorting,Player,5.972396,4.822864,4.770232,4.272254,4.340368
880,141.8363,Escorting,Hung,5.925416,4.887312,4.768578,4.294584,4.338286
881,142.0598,Escorting,Player,5.970844,4.823946,4.765372,4.271752,4.338408
881,142.0598,Escorting,Hung,5.975698,4.822211,4.878218,4.279988,4.343582
882,142.2812,Escorting,Player,5.968013,4.821371,4.760257,4.270871,4.336429
882,142.2812,Escorting,Hung,5.939453,4.788313,4.882008,4.275106,4.346288
883,142.4944,Escorting,Player,5.963985,4.816861,4.755385,4.269547,4.334565
883,142.4944,Escorting,Hung,5.945134,4.820251,4.834552,4.27089,4.34836
884,142.7088,Escorting,Player,5.95866,4.810512,4.750794,4.267769,4.332684
884,142.7088,Escorting,Hung,5.962969,4.876429,4.815529,4.265697,4.349627
885,142.9216,Escorting,Player,5.95224,4.803288,4.74581,4.262274,4.330792
885,142.9216,Escorting,Hung,5.888516,4.831585,4.729899,4.265396,4.334694
886,143.1371,Escorting,Player,5.945706,4.795861,4.740812,4.250716,4.328906
886,143.1371,Escorting,Hung,5.946962,4.785132,4.85282,4.253432,4.296021
887,143.3456,Escorting,Player,5.942179,4.789161,4.7384,4.242524,4.327081
887,143.3456,Escorting,Hung,5.893267,4.73803,4.842797,4.240498,4.272432
888,143.5524,Escorting,Player,5.942204,4.784035,4.738808,4.240487,4.325247
888,143.5524,Escorting,Hung,5.905835,4.790913,4.784288,4.222732,4.271625
889,143.7598,Escorting,Player,5.943904,4.781208,4.741935,4.254199,4.323421
889,143.7598,Escorting,Hung,5.907361,4.826166,4.760704,4.213465,4.270893
890,143.9782,Escorting,Player,5.946115,4.779286,4.746425,4.257428,4.321519
890,143.9782,Escorting,Hung,5.847692,4.764822,4.707075,4.209013,4.270194
891,144.1884,Escorting,Player,5.9478,4.777223,4.750715,4.257649,4.319651
891,144.1884,Escorting,Hung,5.894598,4.733342,4.805383,4.206278,4.269582
892,144.4002,Escorting,Player,5.948798,4.77212,4.753912,4.254878,4.317831
892,144.4002,Escorting,Hung,5.837423,4.672451,4.790538,4.200342,4.269022
893,144.613,Escorting,Player,5.948057,4.765096,4.755427,4.249661,4.31593
893,144.613,Escorting,Hung,5.899971,4.802077,4.755056,4.198974,4.268509
894,144.8282,Escorting,Player,5.945005,4.7563,4.755136,4.243042,4.31406
894,144.8282,Escorting,Hung,5.87043,4.821353,4.722672,4.197783,4.268034
895,145.0448,Escorting,Player,5.939567,4.745208,4.752038,4.235898,4.312123
895,145.0448,Escorting,Hung,5.869433,4.743433,4.759618,4.197331,4.267594
896,145.2605,Escorting,Player,5.934272,4.733808,4.746987,4.223962,4.310241
896,145.2605,Escorting,Hung,5.871693,4.716324,4.802384,4.192072,4.267191
897,145.476,Escorting,Player,5.92999,4.724378,4.741281,4.202961,4.308363
897,145.476,Escorting,Hung,5.844253,4.690543,4.76888,4.196506,4.266818
898,145.6976,Escorting,Player,5.926451,4.718705,4.737618,4.179677,4.306413
898,145.6976,Escorting,Hung,5.898798,4.803627,4.750815,4.192652,4.266464
899,145.9092,Escorting,Player,5.923269,4.718696,4.736735,4.140763,4.304533
899,145.9092,Escorting,Hung,5.825858,4.781625,4.666737,4.210473,4.266149
900,146.1221,Escorting,Player,5.921944,4.723623,4.736081,4.145528,4.302649
900,146.1221,Escorting,Hung,5.897474,4.738666,4.802805,4.205193,4.265851
901,146.4405,Escorting,Player,5.922729,4.737546,4.734612,4.184973,4.299852
901,146.4405,Escorting,Hung,5.834416,4.670335,4.777534,4.197356,4.265433
902,146.6597,Escorting,Player,5.923139,4.751567,4.731546,4.214819,4.29798
902,146.6597,Escorting,Hung,5.902845,4.806305,4.756083,4.198381,4.265163
903,146.8721,Escorting,Player,5.92428,4.763743,4.729306,4.223711,4.296066
903,146.8721,Escorting,Hung,5.849714,4.811779,4.694798,4.210933,4.264921
904,147.0843,Escorting,Player,5.924765,4.771006,4.726374,4.224639,4.294189
904,147.0843,Escorting,Hung,5.887544,4.740621,4.787969,4.196331,4.264691
905,147.2985,Escorting,Player,5.924381,4.775063,4.722005,4.224247,4.292298
905,147.2985,Escorting,Hung,5.869803,4.719554,4.808566,4.200528,4.264469
906,147.5082,Escorting,Player,5.922909,4.776002,4.717461,4.223807,4.290472
906,147.5082,Escorting,Hung,5.858308,4.720261,4.762761,4.195931,4.264259
907,147.7246,Escorting,Player,5.920185,4.773552,4.712479,4.222966,4.288555
907,147.7246,Escorting,Hung,5.896932,4.80582,4.747659,4.195333,4.264051
908,147.9419,Escorting,Player,5.916102,4.768987,4.707503,4.22162,4.286644
908,147.9419,Escorting,Hung,5.820728,4.760325,4.665462,4.197596,4.263849
909,148.1566,Escorting,Player,5.910808,4.762678,4.702928,4.219876,4.284785
909,148.1566,Escorting,Hung,5.892292,4.728863,4.799177,4.198001,4.263655
910,148.3674,Escorting,Player,5.904456,4.755516,4.697997,4.214523,4.282901
910,148.3674,Escorting,Hung,5.845313,4.685775,4.797319,4.206479,4.26347
911,148.5817,Escorting,Player,5.897906,4.748108,4.692971,4.203057,4.281013
911,148.5817,Escorting,Hung,5.891047,4.78648,4.75509,4.196327,4.263287
912,148.7916,Escorting,Player,5.894276,4.741352,4.690485,4.19475,4.279179
912,148.7916,Escorting,Hung,5.878881,4.814081,4.732941,4.191565,4.263111
913,149.0025,Escorting,Player,5.894275,4.736112,4.690878,4.192545,4.277322
913,149.0025,Escorting,Hung,5.847127,4.748345,4.719625,4.195569,4.262938
914,149.2451,Escorting,Player,5.896342,4.732858,4.694682,4.207478,4.275203
914,149.2451,Escorting,Hung,5.872599,4.715593,4.799239,4.193437,4.262743
915,149.4573,Escorting,Player,5.898443,4.731185,4.699123,4.209586,4.273335
915,149.4573,Escorting,Hung,5.837775,4.67663,4.772963,4.196645,4.262574
916,149.6677,Escorting,Player,5.900081,4.728838,4.703307,4.209177,4.271478
916,149.6677,Escorting,Hung,5.902404,4.804818,4.7574,4.198191,4.26241
917,149.8814,Escorting,Player,5.900854,4.72322,4.706232,4.206306,4.269583
917,149.8814,Escorting,Hung,5.841305,4.803372,4.684808,4.209037,4.262245
918,150.0918,Escorting,Player,5.899851,4.716094,4.707582,4.200878,4.267739
918,150.0918,Escorting,Hung,5.890877,4.740239,4.792585,4.197113,4.262085
919,150.3061,Escorting,Player,5.896484,4.707067,4.70696,4.19412,4.265869
919,150.3061,Escorting,Hung,5.867779,4.718472,4.80753,4.200984,4.261923
920,150.5202,Escorting,Player,5.890978,4.69597,4.703619,4.187356,4.263988
920,150.5202,Escorting,Hung,5.86382,4.732235,4.760791,4.195616,4.261764
921,150.7312,Escorting,Player,5.88588,4.684827,4.698504,4.174165,4.26211
921,150.7312,Escorting,Hung,5.895247,4.805064,4.746555,4.194912,4.261607
922,150.9478,Escorting,Player,5.88166,4.675709,4.692824,4.153024,4.260232
922,150.9478,Escorting,Hung,5.822723,4.758898,4.6691,4.197468,4.261447
923,151.1603,Escorting,Player,5.864097,4.656372,4.675346,4.115108,4.244138
923,151.1603,Escorting,Hung,5.892032,4.728697,4.798933,4.197759,4.261292
924,151.3721,Escorting,Player,5.845037,4.640756,4.65859,4.061944,4.226326
924,151.3721,Escorting,Hung,5.842879,4.682436,4.795184,4.202738,4.261138
925,151.5844,Escorting,Player,5.82806,4.63017,4.642179,4.052968,4.208673
925,151.5844,Escorting,Hung,5.891917,4.788064,4.755099,4.196574,4.260983
926,151.7996,Escorting,Player,5.812465,4.623059,4.625353,4.0634,4.190747
926,151.7996,Escorting,Hung,5.877288,4.816685,4.731169,4.192215,4.260827
927,152.0092,Escorting,Player,5.797468,4.61937,4.607624,4.076191,4.173273
927,152.0092,Escorting,Hung,5.850781,4.747608,4.726495,4.195734,4.260674
928,152.2222,Escorting,Player,5.781651,4.617145,4.588036,4.080351,4.155676
928,152.2222,Escorting,Hung,5.879686,4.71942,4.79803,4.198812,4.260581
929,152.4382,Escorting,Player,5.767131,4.610744,4.570384,4.06691,4.137531
929,152.4382,Escorting,Hung,5.834831,4.668949,4.782317,4.198591,4.260469
930,152.6479,Escorting,Player,5.75148,4.600219,4.550999,4.051476,4.119977
930,152.6479,Escorting,Hung,5.90183,4.80488,4.754281,4.199237,4.26033
931,152.9615,Escorting,Player,5.726576,4.579683,4.52109,4.027491,4.094141
931,152.9615,Escorting,Hung,5.819424,4.765139,4.661366,4.199267,4.260116
932,153.1673,Escorting,Player,5.708434,4.561809,4.500784,4.011129,4.076752
932,153.1673,Escorting,Hung,5.896601,4.735787,4.802285,4.203454,4.260474
933,153.3771,Escorting,Player,5.689163,4.542087,4.480573,3.99445,4.05951
933,153.3771,Escorting,Hung,5.85628,4.702098,4.804514,4.20065,4.260777
934,153.5866,Escorting,Player,5.668454,4.52046,4.460449,3.977154,4.042057
934,153.5866,Escorting,Hung,5.87742,4.76089,4.757594,4.195694,4.261053
935,153.7953,Escorting,Player,5.646521,4.497632,4.439921,3.95671,4.024446
935,153.7953,Escorting,Hung,5.888175,4.805989,4.741399,4.193707,4.261328
936,154.0037,Escorting,Player,5.624424,4.474826,4.41929,3.930354,4.007043
936,154.0037,Escorting,Hung,5.830085,4.755127,4.683424,4.197238,4.261603
937,154.2119,Escorting,Player,5.604972,4.45266,4.401082,3.906163,3.98983
937,154.2119,Escorting,Hung,5.891101,4.728961,4.798757,4.198352,4.261879
938,154.4354,Escorting,Player,5.588235,4.430458,4.384801,3.885809,3.971552
938,154.4354,Escorting,Hung,5.834512,4.669843,4.787729,4.19662,4.262177
939,154.6451,Escorting,Player,5.57398,4.411629,4.371877,3.883818,3.95378
939,154.6451,Escorting,Hung,5.899055,4.800184,4.755433,4.198932,4.262456
940,154.8575,Escorting,Player,5.560252,4.393738,4.360301,3.871717,3.936046
940,154.8575,Escorting,Hung,5.873128,4.821217,4.725976,4.196405,4.26274
941,155.0669,Escorting,Player,5.546252,4.376147,4.348931,3.856338,3.91846
941,155.0669,Escorting,Hung,5.861591,4.74531,4.746048,4.19655,4.26302
942,155.2787,Escorting,Player,5.531752,4.35578,4.336671,3.838286,3.901022
942,155.2787,Escorting,Hung,5.87295,4.715477,4.798445,4.193702,4.263304
943,155.4882,Escorting,Player,5.515479,4.333238,4.322533,3.817669,3.883375
943,155.4882,Escorting,Hung,5.836135,4.67367,4.774813,4.196929,4.263585
944,155.7135,Escorting,Player,5.496274,4.307967,4.306211,3.794527,3.865164
944,155.7135,Escorting,Hung,5.901993,4.803981,4.75809,4.197893,4.263888
945,155.9326,Escorting,Player,5.474157,4.280129,4.286531,3.770444,3.846482
945,155.9326,Escorting,Hung,5.833706,4.793862,4.675443,4.210052,4.264182
946,156.1569,Escorting,Player,5.452555,4.252215,4.265288,3.742534,3.828468
946,156.1569,Escorting,Hung,5.897929,4.739976,4.802932,4.204525,4.264484
947,156.3685,Escorting,Player,5.431715,4.226242,4.243063,3.705371,3.810008
947,156.3685,Escorting,Hung,5.856543,4.704136,4.801689,4.195495,4.264769
948,156.5749,Escorting,Player,5.295556,4.087818,4.106616,3.552751,3.67537
948,156.5749,Escorting,Hung,5.868809,4.741506,4.759707,4.1957,4.265046
949,156.7805,Escorting,Player,5.142919,3.937702,3.956155,3.362395,3.524093
949,156.7805,Escorting,Hung,5.898445,4.804937,4.748418,4.195654,4.26532
950,156.9949,Escorting,Player,4.989338,3.790045,3.803495,3.210215,3.370239
950,156.9949,Escorting,Hung,5.825694,4.775198,4.666452,4.206321,4.269205
951,157.2027,Escorting,Player,4.765038,3.573713,3.578331,3.010309,3.143918
951,157.2027,Escorting,Hung,5.895974,4.742043,4.796356,4.198805,4.281504
952,157.4279,EnteringShelter,Player,4.526171,3.346068,3.336828,2.800405,3.052939
952,157.4279,EnteringShelter,Hung,5.869233,4.718086,4.803757,4.198025,4.300609
953,157.4946,EnteringShelter,Player,4.471689,3.295815,3.281279,2.75513,3.007049
953,157.4946,EnteringShelter,Hung,5.846941,4.688143,4.793887,4.198425,4.300609
954,157.5613,EnteringShelter,Player,4.433352,3.261849,3.241739,2.725157,2.949325
954,157.5613,EnteringShelter,Hung,5.837335,4.670846,4.783892,4.19852,4.297954
955,157.6279,EnteringShelter,Player,4.41521,3.248269,3.222285,2.713053,2.894983
955,157.6279,EnteringShelter,Hung,5.849157,4.694594,4.770229,4.198261,4.288462
956,157.6946,EnteringShelter,Player,4.381451,3.217835,3.187624,2.68047,2.854554
956,157.6946,EnteringShelter,Hung,5.875588,4.750067,4.760916,4.197843,4.272084
957,157.7613,EnteringShelter,Player,4.343765,3.182771,3.148958,2.643151,2.808248
957,157.7613,EnteringShelter,Hung,5.896489,4.791098,4.755133,4.197734,4.248819
958,157.8279,EnteringShelter,Player,4.301548,3.143139,3.10576,2.601094,2.756063
958,157.8279,EnteringShelter,Hung,5.902937,4.803915,4.754023,4.197984,4.218667
959,157.8946,EnteringShelter,Player,4.254767,3.09856,3.057919,2.554554,2.698317
959,157.8946,EnteringShelter,Hung,5.902223,4.806005,4.751534,4.197484,4.181627
960,157.9613,EnteringShelter,Player,4.207048,3.052696,3.009072,2.506869,2.639288
960,157.9613,EnteringShelter,Hung,5.825481,4.74562,4.678293,4.132525,4.137701
961,158.0279,EnteringShelter,Player,4.153349,3.000594,2.954187,2.453306,2.583644
961,158.0279,EnteringShelter,Hung,5.712176,4.658837,4.563422,4.036904,4.086887
962,158.0946,EnteringShelter,Player,4.099744,2.948406,2.899334,2.39974,2.528
962,158.0946,EnteringShelter,Hung,5.563727,4.520721,4.405755,3.93092,4.029186
963,158.1613,EnteringShelter,Player,4.046329,2.896311,2.844645,2.346175,2.472357
963,158.1613,EnteringShelter,Hung,5.440546,4.372401,4.286427,3.811177,3.964864
964,158.2279,EnteringShelter,Player,3.992742,2.843927,2.789872,2.292612,2.416713
964,158.2279,EnteringShelter,Hung,5.366989,4.261751,4.23939,3.709461,3.898749
965,158.2946,EnteringShelter,Player,3.939009,2.791184,2.7351,2.239047,2.361069
965,158.2946,EnteringShelter,Hung,5.295237,4.156065,4.189001,3.609383,3.832633
966,158.3613,EnteringShelter,Player,3.884967,2.73778,2.680134,2.185481,2.305425
966,158.3613,EnteringShelter,Hung,5.198962,4.038998,4.10181,3.505535,3.746217
967,158.4279,EnteringShelter,Player,3.830901,2.684073,2.625216,2.131918,2.249782
967,158.4279,EnteringShelter,Hung,5.090249,3.928149,3.996474,3.399026,3.649236
968,158.4946,EnteringShelter,Player,3.776783,2.630125,2.570311,2.078352,2.194138
968,158.4946,EnteringShelter,Hung,4.973431,3.815339,3.895015,3.292525,3.552256
969,158.5613,EnteringShelter,Player,3.722702,2.576099,2.515535,2.024789,2.138494
969,158.5613,EnteringShelter,Hung,4.856674,3.705724,3.791415,3.185972,3.455275
970,158.6279,EnteringShelter,Player,3.668414,2.521778,2.46069,1.971224,2.082851
970,158.6279,EnteringShelter,Hung,4.746697,3.587603,3.693805,3.099148,3.357299
971,158.6946,EnteringShelter,Player,3.614166,2.467414,2.406015,1.917661,2.027207
971,158.6946,EnteringShelter,Hung,4.586469,3.419991,3.53267,2.947669,3.203708
972,158.7613,EnteringShelter,Player,3.559819,2.412912,2.351384,1.864096,1.971563
972,158.7613,EnteringShelter,Hung,4.447378,3.293573,3.367541,2.795875,3.050117
973,158.8279,EnteringShelter,Player,3.505239,2.358162,2.296648,1.81053,1.91592
973,158.8279,EnteringShelter,Hung,4.396054,3.2713,3.280499,2.717595,2.903307
974,158.8946,EnteringShelter,Player,3.450743,2.303472,2.242174,1.756967,1.860276
974,158.8946,EnteringShelter,Hung,4.355089,3.250019,3.213272,2.656015,2.827014
975,158.9613,EnteringShelter,Player,3.39609,2.248552,2.187714,1.703402,1.804632
975,158.9613,EnteringShelter,Hung,4.299797,3.200597,3.151093,2.594773,2.750721
976,159.0279,EnteringShelter,Player,3.341321,2.193389,2.13326,1.649839,1.748989
976,159.0279,EnteringShelter,Hung,4.237274,3.141248,3.086578,2.532771,2.674428
977,159.0946,EnteringShelter,Player,3.286578,2.138215,2.078936,1.596273,1.693345
977,159.0946,EnteringShelter,Hung,4.158963,3.079862,3.011826,2.466307,2.600565
978,159.1613,EnteringShelter,Player,3.232471,2.083805,2.025299,1.542708,1.637701
978,159.1613,EnteringShelter,Hung,4.071208,3.018348,2.922316,2.396719,2.528701
979,159.2279,EnteringShelter,Player,3.178906,2.030056,1.972188,1.489145,1.582058
979,159.2279,EnteringShelter,Hung,3.961491,2.918234,2.803329,2.329664,2.456837
980,159.2946,EnteringShelter,Player,3.125748,1.97674,1.919455,1.43558,1.526414
980,159.2946,EnteringShelter,Hung,3.891097,2.822038,2.737455,2.261135,2.384973
981,159.3613,EnteringShelter,Player,3.073344,1.924131,1.867506,1.382016,1.47077
981,159.3613,EnteringShelter,Hung,3.849677,2.743459,2.7228,2.191379,2.313108
982,159.4279,EnteringShelter,Player,3.021711,1.872257,1.816379,1.328451,1.415127
982,159.4279,EnteringShelter,Hung,3.808345,2.66841,2.702489,2.121782,2.241244
983,159.4946,EnteringShelter,Player,2.970023,1.820123,1.765172,1.274885,1.359483
983,159.4946,EnteringShelter,Hung,3.746762,2.586459,2.649715,2.053195,2.16938
984,159.5613,EnteringShelter,Player,2.917945,1.767292,1.713526,1.221322,1.303839
984,159.5613,EnteringShelter,Hung,3.674751,2.512715,2.581341,1.984076,2.097516
985,159.6279,EnteringShelter,Player,2.866028,1.714359,1.661982,1.167757,1.248196
985,159.6279,EnteringShelter,Hung,3.595418,2.437489,2.517406,1.914534,2.025652
986,159.6946,EnteringShelter,Player,2.813782,1.660812,1.609996,1.114194,1.192552
986,159.6946,EnteringShelter,Hung,3.515254,2.364488,2.4502,1.845037,1.953787
987,159.7613,EnteringShelter,Player,2.762318,1.607705,1.558682,1.060628,1.136908
987,159.7613,EnteringShelter,Hung,3.422908,2.263519,2.370168,1.776321,1.881923
988,159.8279,EnteringShelter,Player,2.710011,1.553626,1.506488,1.007063,1.081264
988,159.8279,EnteringShelter,Hung,3.34595,2.179501,2.291775,1.707144,1.810059
989,159.8946,EnteringShelter,Player,2.655616,1.497648,1.452199,0.9535,1.025621
989,159.8946,EnteringShelter,Hung,3.289815,2.13676,2.209063,1.637694,1.738195
990,159.9613,EnteringShelter,Player,2.598023,1.43862,1.39485,0.8999348,0.9699772
990,159.9613,EnteringShelter,Hung,3.247258,2.123259,2.130826,1.568089,1.666331
991,160.0279,EnteringShelter,Player,2.539526,1.37869,1.336845,0.8463717,0.9143335
991,160.0279,EnteringShelter,Hung,3.198217,2.093462,2.05595,1.498836,1.594466
992,160.0946,EnteringShelter,Player,2.483008,1.320683,1.280893,0.7928059,0.85869
992,160.0946,EnteringShelter,Hung,3.134966,2.035577,1.986506,1.429896,1.522602
993,160.1613,EnteringShelter,Player,2.427859,1.264038,1.226337,0.7392409,0.8030461
993,160.1613,EnteringShelter,Hung,3.064442,1.968601,1.913759,1.360186,1.450738
994,160.2279,EnteringShelter,Player,2.373965,1.208768,1.173096,0.6856773,0.7474025
994,160.2279,EnteringShelter,Hung,2.982606,1.904271,1.835515,1.290239,1.378874
995,160.2946,EnteringShelter,Player,2.320555,1.154246,1.120441,0.6321121,0.6917588
995,160.2946,EnteringShelter,Hung,2.894376,1.841988,1.745337,1.220696,1.307009
996,160.3613,EnteringShelter,Player,2.267423,1.100121,1.068142,0.578549,0.6361152
996,160.3613,EnteringShelter,Hung,2.784534,1.740999,1.626195,1.153687,1.235145
997,160.4279,EnteringShelter,Player,2.214127,1.045724,1.01576,0.5249836,0.5804714
997,160.4279,EnteringShelter,Hung,2.715649,1.64567,1.562505,1.085082,1.163281
998,160.4946,EnteringShelter,Player,2.161087,0.9914481,0.9635148,0.4714183,0.5248276
998,160.4946,EnteringShelter,Hung,2.674382,1.567186,1.54824,1.015327,1.091417
999,160.5613,EnteringShelter,Player,2.108549,0.9374835,0.9116933,0.4178551,0.4691843
999,160.5613,EnteringShelter,Hung,2.633073,1.492372,1.527588,0.9457212,1.019552
1000,160.6279,EnteringShelter,Player,2.056268,0.8834722,0.8601587,0.3642919,0.4135408
1000,160.6279,EnteringShelter,Hung,2.570857,1.410227,1.473908,0.8771589,0.947688
1001,160.6946,EnteringShelter,Player,2.003499,0.8286499,0.8080887,0.3107265,0.3578967
1001,160.6946,EnteringShelter,Hung,2.498155,1.33617,1.405128,0.8080533,0.875824
1002,160.7613,EnteringShelter,Player,1.874098,0.6971183,0.6792963,0.1800001,0.3022529
1002,160.7613,EnteringShelter,Hung,2.419355,1.261586,1.341747,0.7384609,0.8039595
1003,160.8279,EnteringShelter,Player,1.875646,0.6966412,0.6814528,0.1799999,0.2466097
1003,160.8279,EnteringShelter,Hung,2.338767,1.18817,1.273905,0.6690063,0.732095
1004,160.8946,EnteringShelter,Player,1.87717,0.6962013,0.6837027,0.18,0.210001
1004,160.8946,EnteringShelter,Hung,2.245943,1.08626,1.193347,0.6003273,0.6602309
1005,160.9613,EnteringShelter,Player,1.878324,0.6954522,0.6856543,0.1800002,0.210001
1005,160.9613,EnteringShelter,Hung,2.16993,1.003527,1.11536,0.5310982,0.588367
1006,161.0279,EnteringShelter,Player,1.879534,0.6948202,0.6877153,0.1800001,0.210001
1006,161.0279,EnteringShelter,Hung,2.114395,0.9620815,1.032722,0.4616461,0.5165026
1007,161.0946,EnteringShelter,Player,1.880675,0.6941875,0.6897199,0.18,0.210001
1007,161.0946,EnteringShelter,Hung,2.071909,0.9486509,0.9546075,0.3920352,0.4446385
1008,161.1613,EnteringShelter,Player,1.881703,0.6934758,0.6916018,0.1800001,0.210001
1008,161.1613,EnteringShelter,Hung,2.022483,0.9180355,0.8797756,0.3228021,0.3727746
1009,161.2279,EnteringShelter,Player,1.882621,0.6926677,0.6933515,0.1800001,0.210001
1009,161.2279,EnteringShelter,Hung,1.883084,0.7834949,0.734893,0.1779867,0.30091
1010,161.2946,EnteringShelter,Player,1.883334,0.6916392,0.6948448,0.1800002,0.2102538
1010,161.2946,EnteringShelter,Hung,1.881442,0.7857809,0.730791,0.1774408,0.2290455
1011,161.3613,EnteringShelter,Player,1.88374,0.6902838,0.6959242,0.18,0.2114363
1011,161.3613,EnteringShelter,Hung,1.868746,0.7911841,0.7216978,0.1766571,0.210001
1012,161.4279,EnteringShelter,Player,1.883622,0.688441,0.696302,0.1800001,0.2126187
1012,161.4279,EnteringShelter,Hung,1.849199,0.7972772,0.7000019,0.1763465,0.210001
1013,161.4946,EnteringShelter,Player,1.884341,0.6873449,0.6972759,0.1800001,0.2138012
1013,161.4946,EnteringShelter,Hung,1.808428,0.7645848,0.6499224,0.1785575,0.210001
1014,161.5613,EnteringShelter,Player,1.887119,0.6881607,0.7000158,0.18,0.2149837
1014,161.5613,EnteringShelter,Hung,1.810234,0.7393329,0.6576123,0.1790563,0.210001
1015,161.6279,EnteringShelter,Player,1.8914,0.6904773,0.7040456,0.18,0.2161662
1015,161.6279,EnteringShelter,Hung,1.83829,0.7301142,0.7128758,0.1784776,0.210001
1016,161.6946,EnteringShelter,Player,1.895895,0.6931515,0.7082291,0.1800001,0.2173486
1016,161.6946,EnteringShelter,Hung,1.866156,0.7246866,0.7610326,0.1780479,0.2102133
1017,161.7613,EnteringShelter,Player,1.90136,0.6970252,0.7131931,0.18,0.2185311
1017,161.7613,EnteringShelter,Hung,1.872504,0.7115591,0.7756498,0.1786831,0.2104277
1018,161.8279,EnteringShelter,Player,1.907055,0.7014367,0.7183434,0.18,0.2197136
1018,161.8279,EnteringShelter,Hung,1.868316,0.7063724,0.7756887,0.1787726,0.2106422
1019,161.8946,EnteringShelter,Player,1.910972,0.7043853,0.72199,0.1800001,0.220896
1019,161.8946,EnteringShelter,Hung,1.859235,0.7016234,0.782029,0.1783054,0.2108566
1020,161.9613,EnteringShelter,Player,1.912693,0.7052938,0.7236314,0.1800001,0.2220785
1020,161.9613,EnteringShelter,Hung,1.847414,0.6969709,0.7827308,0.1780762,0.2110711
1021,162.0279,EnteringShelter,Player,1.923142,0.7154014,0.7342099,0.18,0.223261
1021,162.0279,EnteringShelter,Hung,1.823251,0.6632752,0.7707913,0.1786116,0.2112855
1022,162.0946,EnteringShelter,Player,1.935845,0.7282757,0.7474068,0.1800002,0.2244434
1022,162.0946,EnteringShelter,Hung,1.817389,0.6510504,0.7624045,0.1785117,0.2114999
1023,162.1613,EnteringShelter,Player,1.950632,0.7439073,0.7630477,0.1800001,0.2256259
1023,162.1613,EnteringShelter,Hung,1.831619,0.6800389,0.7490187,0.1782324,0.2117144
1024,162.2279,EnteringShelter,Player,1.960226,0.7549322,0.7734317,0.1800001,0.2268084
1024,162.2279,EnteringShelter,Hung,1.858375,0.7358413,0.7402091,0.1777995,0.2119288
1025,162.2946,EnteringShelter,Player,1.963781,0.7600183,0.7774717,0.1800003,0.2279908
1025,162.2946,EnteringShelter,Hung,1.877733,0.7735881,0.7345971,0.1777614,0.2121433
1026,162.3613,EnteringShelter,Player,1.963673,0.7617139,0.7776746,0.1800001,0.2291733
1026,162.3613,EnteringShelter,Hung,1.883092,0.7832987,0.7351943,0.1779891,0.2123577
1027,162.4279,EnteringShelter,Player,1.960506,0.76061,0.7746559,0.18,0.2303558
1027,162.4279,EnteringShelter,Hung,1.881167,0.7856825,0.7305652,0.1774262,0.2125722
1028,162.4946,EnteringShelter,Player,1.954064,0.7565,0.7681668,0.1800001,0.2315383
1028,162.4946,EnteringShelter,Hung,1.868453,0.791668,0.7214418,0.176627,0.2127866
1029,162.5613,EnteringShelter,Player,1.945793,0.7507784,0.7596691,0.1800001,0.2327207
1029,162.5613,EnteringShelter,Hung,1.848445,0.7969846,0.699077,0.1763659,0.2130011
1030,162.6279,EnteringShelter,Player,1.937788,0.7454316,0.7512696,0.18,0.2339032
1030,162.6279,EnteringShelter,Hung,1.807523,0.7633442,0.6488631,0.178623,0.2132155
1031,162.6946,EnteringShelter,Player,1.929842,0.7401695,0.7427893,0.1800001,0.2350857
1031,162.6946,EnteringShelter,Hung,1.810844,0.7390153,0.6587645,0.1790458,0.2134299
1032,162.7613,EnteringShelter,Player,1.921669,0.7349381,0.7339253,0.1800003,0.2362681
1032,162.7613,EnteringShelter,Hung,1.839038,0.7298782,0.714336,0.1784655,0.2136444
1033,162.8279,EnteringShelter,Player,1.912903,0.7297004,0.7243119,0.18,0.2374506
1033,162.8279,EnteringShelter,Hung,1.866863,0.7246221,0.7620925,0.1780339,0.2138588
1034,162.8946,EnteringShelter,Player,1.903555,0.7244363,0.7139673,0.1800001,0.2386331
1034,162.8946,EnteringShelter,Hung,1.872623,0.7113754,0.775858,0.1786864,0.2140733
1035,162.9613,EnteringShelter,Player,1.894614,0.7197073,0.7039528,0.1800001,0.2398155
1035,162.9613,EnteringShelter,Hung,1.867828,0.7059172,0.7756145,0.1787865,0.2142877
1036,163.0279,EnteringShelter,Player,1.886239,0.7158305,0.694311,0.1800001,0.240998
1036,163.0279,EnteringShelter,Hung,1.859253,0.7017981,0.782449,0.1782697,0.2145022
1037,163.0946,EnteringShelter,Player,1.881817,0.7158166,0.688625,0.1800002,0.2421805
1037,163.0946,EnteringShelter,Hung,1.84704,0.6967323,0.7825225,0.1780852,0.2147166
1038,163.1613,EnteringShelter,Player,1.880917,0.7178978,0.6868563,0.18,0.2433629
1038,163.1613,EnteringShelter,Hung,1.822326,0.6620582,0.769994,0.1786596,0.2149311
1039,163.2279,EnteringShelter,Player,1.880559,0.7201844,0.6855255,0.1800002,0.2445454
1039,163.2279,EnteringShelter,Hung,1.817451,0.6511937,0.7620322,0.1785082,0.2151455
1040,163.2946,EnteringShelter,Player,1.880357,0.7225079,0.6843318,0.1800001,0.2456772
1040,163.2946,EnteringShelter,Hung,1.832257,0.6814027,0.7487251,0.1782238,0.2153574
1041,163.3613,EnteringShelter,Player,1.880219,0.7244679,0.683111,0.1800001,0.2466917
1041,163.3613,EnteringShelter,Hung,1.85906,0.7372342,0.7400387,0.1777893,0.21555
1042,163.4279,EnteringShelter,Player,1.880143,0.726184,0.6818962,0.1800001,0.2475884
1042,163.4279,EnteringShelter,Hung,1.878022,0.7741742,0.7344694,0.1777689,0.2157203
1043,163.4946,EnteringShelter,Player,1.880022,0.7276099,0.6805757,0.18,0.2483676
1043,163.4946,EnteringShelter,Hung,1.883081,0.7830816,0.7354954,0.1779913,0.2158682
1044,163.5613,EnteringShelter,Player,1.880018,0.7289973,0.6793092,0.18,0.2490291
1044,163.5613,EnteringShelter,Hung,1.880888,0.7855795,0.7303516,0.1774116,0.2159938
1045,163.6279,EnteringShelter,Player,1.880154,0.7304277,0.6781808,0.1800001,0.2495729
1045,163.6279,EnteringShelter,Hung,1.868183,0.7921807,0.7212029,0.1765953,0.216097
1046,163.6946,EnteringShelter,Player,1.880137,0.7315837,0.6770115,0.1800001,0.249999
1046,163.6946,EnteringShelter,Hung,1.84766,0.7966582,0.6981105,0.1763879,0.2161779
1047,163.7613,EnteringShelter,Player,1.879901,0.7322539,0.6757673,0.1800001,0.2503075
1047,163.7613,EnteringShelter,Hung,1.806627,0.7620844,0.647825,0.1786889,0.2162365
1048,163.8279,EnteringShelter,Player,1.87931,0.7322285,0.6742736,0.1800001,0.2504984
1048,163.8279,EnteringShelter,Hung,1.811462,0.7387013,0.6599438,0.1790349,0.2162727
1049,163.8946,EnteringShelter,Player,1.878865,0.7320905,0.6729901,0.18,0.2505715
1049,163.8946,EnteringShelter,Hung,1.839786,0.7296405,0.7157832,0.1784544,0.2162866
1050,163.9613,EnteringShelter,Player,1.878328,0.7316914,0.6716827,0.18,0.2505724
1050,163.9613,EnteringShelter,Hung,1.867538,0.7245212,0.7631103,0.178022,0.2162868
1051,164.0279,EnteringShelter,Player,1.877757,0.7311544,0.6704468,0.1800001,0.2505724
1051,164.0279,EnteringShelter,Hung,1.872731,0.7111957,0.776053,0.1786893,0.2162868
1052,164.0946,EnteringShelter,Player,1.877016,0.7303586,0.6691827,0.1800001,0.2505724
1052,164.0946,EnteringShelter,Hung,1.867328,0.7054444,0.775542,0.1788008,0.2162868
1053,164.1613,EnteringShelter,Player,1.876336,0.729551,0.6681063,0.18,0.2505724
1053,164.1613,EnteringShelter,Hung,1.859283,0.701984,0.7828803,0.1782336,0.2162868
1054,164.2279,EnteringShelter,Player,1.875498,0.7285527,0.6670144,0.1800001,0.2505724
1054,164.2279,EnteringShelter,Hung,1.846711,0.6965194,0.7823471,0.1780915,0.2162868
1055,164.2946,EnteringShelter,Player,1.87447,0.7273525,0.6658711,0.1800001,0.2505724
1055,164.2946,EnteringShelter,Hung,1.822182,0.6616244,0.7699717,0.178645,0.2162868
1056,164.3613,EnteringShelter,Player,1.873537,0.7262118,0.6649991,0.18,0.2505724
1056,164.3613,EnteringShelter,Hung,1.817531,0.6513734,0.7616595,0.1785039,0.2162868
1057,164.4279,EnteringShelter,Player,1.872429,0.724812,0.6641133,0.1800002,0.2505724
1057,164.4279,EnteringShelter,Hung,1.832903,0.6827679,0.7484351,0.1782151,0.2162868
1058,164.4946,EnteringShelter,Player,1.871178,0.723141,0.6632124,0.1800001,0.2505724
1058,164.4946,EnteringShelter,Hung,1.859724,0.7385924,0.7398727,0.1777806,0.2162868
1059,164.5613,EnteringShelter,Player,1.870068,0.7216209,0.6625334,0.1800001,0.2505724
1059,164.5613,EnteringShelter,Hung,1.878301,0.7747463,0.7343451,0.177776,0.2162868
1060,164.6279,EnteringShelter,Player,1.869741,0.7210225,0.6626788,0.18,0.2505724
1060,164.6279,EnteringShelter,Hung,1.883055,0.7828518,0.7357936,0.1779941,0.2162868
1061,164.6946,EnteringShelter,Player,1.869801,0.7209182,0.6631857,0.1800001,0.2505724
1061,164.6946,EnteringShelter,Hung,1.880606,0.7854736,0.7301498,0.1773962,0.2162868
1062,164.7613,EnteringShelter,Player,1.870358,0.721305,0.6641647,0.1800002,0.2505724
1062,164.7613,EnteringShelter,Hung,1.867946,0.7927307,0.7209914,0.1765612,0.2162868
1063,164.8279,EnteringShelter,Player,1.871749,0.7224898,0.6660242,0.18,0.2505724
1063,164.8279,EnteringShelter,Hung,1.846844,0.7962973,0.6970989,0.1764132,0.2162868
1064,164.8946,EnteringShelter,Player,1.87374,0.7242048,0.6685277,0.1800001,0.2505724
1064,164.8946,EnteringShelter,Hung,1.805741,0.7608074,0.6468103,0.1787554,0.2162868
1065,164.9613,EnteringShelter,Player,1.87546,0.7254075,0.6707129,0.1800001,0.2505724
1065,164.9613,EnteringShelter,Hung,1.812086,0.7383912,0.6611487,0.1790237,0.2162868
1066,165.0279,EnteringShelter,Player,1.876986,0.7261232,0.6726607,0.18,0.2505724
1066,165.0279,EnteringShelter,Hung,1.840534,0.7294015,0.7172164,0.1784428,0.2162868
1067,165.0946,EnteringShelter,Player,1.878559,0.7266095,0.6745875,0.1800002,0.2505724
1067,165.0946,EnteringShelter,Hung,1.868177,0.7243812,0.7640848,0.1780126,0.2162868
1068,165.1613,EnteringShelter,Player,1.880075,0.7267536,0.6763295,0.1800002,0.2505724
1068,165.1613,EnteringShelter,Hung,1.87283,0.7110202,0.7762356,0.1786915,0.2162868
1069,165.2279,Delivered,Player,1.932335,0.7456884,0.7140465,0.2017017,0.2505724
1069,165.2279,Delivered,Hung,1.441548,0.2806531,0.2584291,0.1626188,0.2162868
1070,165.479,Delivered,Player,1.881953,0.6941761,0.6636559,0.1500609,0.1999999
1070,165.479,Delivered,Hung,1.904212,0.7185768,0.7296659,0.1825435,0.2162868
1071,165.6269,Delivered,Player,1.882058,0.6936464,0.6637864,0.1494285,0.1999999
1071,165.6269,Delivered,Hung,1.898215,0.7139958,0.7260885,0.1828563,0.2162868
1072,165.7751,Delivered,Player,1.882153,0.6932161,0.6639386,0.1490203,0.1999999
1072,165.7751,Delivered,Hung,1.893094,0.7106307,0.7228619,0.1830429,0.2162868
1073,165.9378,Delivered,Player,1.882222,0.692926,0.6641402,0.1484756,0.1999998
1073,165.9378,Delivered,Hung,1.889439,0.7081228,0.7210454,0.1832082,0.2162868
1074,166.0896,Delivered,Player,1.882223,0.6929207,0.6643923,0.1483551,0.1999998
1074,166.0896,Delivered,Hung,1.886995,0.7064652,0.719559,0.183348,0.2162868
1075,166.2381,Delivered,Player,1.882191,0.6930112,0.6646519,0.1482891,0.1999998
1075,166.2381,Delivered,Hung,1.88554,0.7055717,0.7183036,0.1834199,0.2162868
1076,166.3967,Delivered,Player,1.882164,0.6931211,0.6649343,0.1483264,0.1999998
1076,166.3967,Delivered,Hung,1.884311,0.704509,0.7171903,0.1835654,0.2162868
1077,166.5568,Delivered,Player,1.882172,0.6932462,0.6651901,0.1485714,0.1999998
1077,166.5568,Delivered,Hung,1.883829,0.7043055,0.7163748,0.1834618,0.2162868
1078,166.6977,Delivered,Player,1.882208,0.6933264,0.6653944,0.1487878,0.1999998
1078,166.6977,Delivered,Hung,1.884815,0.7050477,0.7163343,0.1833579,0.2162868
